Disaster,LocalTime,StartDate,StartYear,EndYear,EndDate
http://www.manahil.com/manahilsarwar#1900-9002-CPV,None,None,1900,1900,None
http://www.manahil.com/manahilsarwar#1900-9001-IND,None,None,1900,1900,None
http://www.manahil.com/manahilsarwar#1902-0012-GTM,20:20,18.0,1902,1902,18.0
http://www.manahil.com/manahilsarwar#1902-0003-GTM,None,8.0,1902,1902,8.0
http://www.manahil.com/manahilsarwar#1902-0010-GTM,None,24.0,1902,1902,24.0
http://www.manahil.com/manahilsarwar#1903-0006-CAN,None,29.0,1903,1903,29.0
http://www.manahil.com/manahilsarwar#1903-0012-COM,None,None,1903,1903,None
http://www.manahil.com/manahilsarwar#1904-0003-BGD,None,None,1904,1904,None
http://www.manahil.com/manahilsarwar#1905-0005-CAN,None,13.0,1905,1905,13.0
http://www.manahil.com/manahilsarwar#1905-0003-IND,06:20,4.0,1905,1905,4.0
http://www.manahil.com/manahilsarwar#1906-0014-CHL,19:57,16.0,1906,1906,16.0
http://www.manahil.com/manahilsarwar#1906-0002-COL,None,31.0,1906,1906,31.0
http://www.manahil.com/manahilsarwar#1906-0023-BEL,None,14.0,1906,1906,14.0
http://www.manahil.com/manahilsarwar#1906-0024-BEL,None,None,1906,1906,None
http://www.manahil.com/manahilsarwar#1906-0015-HKG,None,8.0,1906,1906,8.0
http://www.manahil.com/manahilsarwar#1907-0006-CHN,09:23,21.0,1907,1907,21.0
http://www.manahil.com/manahilsarwar#1907-0001-IND,None,None,1907,1907,None
http://www.manahil.com/manahilsarwar#1908-0011-CAN,None,26.0,1908,1908,26.0
http://www.manahil.com/manahilsarwar#1909-0010-BGD,None,15.0,1909,1909,15.0
http://www.manahil.com/manahilsarwar#1909-0013-BGD,None,None,1909,1909,None
http://www.manahil.com/manahilsarwar#1909-0001-CHN,None,None,1909,1909,None
http://www.manahil.com/manahilsarwar#1909-0009-FRA,21:15,11.0,1909,1909,11.0
http://www.manahil.com/manahilsarwar#1909-0012-HTI,None,12.0,1909,1909,12.0
http://www.manahil.com/manahilsarwar#1909-0002-IDN,None,None,1909,1909,None
http://www.manahil.com/manahilsarwar#1910-9006-BFA,None,None,1910,1914,None
http://www.manahil.com/manahilsarwar#1910-0016-CAN,None,5.0,1910,1910,5.0
http://www.manahil.com/manahilsarwar#1910-0001-CHN,None,None,1910,1910,None
http://www.manahil.com/manahilsarwar#1910-9006-CPV,None,None,1910,1914,None
http://www.manahil.com/manahilsarwar#1910-0004-CRI,None,13.0,1910,1910,13.0
http://www.manahil.com/manahilsarwar#1910-0005-DZA,13:36,24.0,1910,1910,24.0
http://www.manahil.com/manahilsarwar#1910-9006-GMB,None,None,1910,1914,None
http://www.manahil.com/manahilsarwar#1910-9006-GNB,None,None,1910,1914,None
http://www.manahil.com/manahilsarwar#1911-0004-BGD,None,None,1911,1911,None
http://www.manahil.com/manahilsarwar#1911-0018-CAN,None,11.0,1911,1911,11.0
http://www.manahil.com/manahilsarwar#1911-0002-CHN,None,None,1911,1911,None
http://www.manahil.com/manahilsarwar#1912-0021-CAN,None,30.0,1912,1912,30.0
http://www.manahil.com/manahilsarwar#1912-0005-CHN,None,None,1912,1912,None
http://www.manahil.com/manahilsarwar#1914-0022-IDN,03:07,26.0,1914,1914,26.0
http://www.manahil.com/manahilsarwar#1915-0010-CAN,None,22.0,1915,1915,22.0
http://www.manahil.com/manahilsarwar#1915-0011-CHN,None,None,1915,1915,None
http://www.manahil.com/manahilsarwar#1915-0006-HTI,None,12.0,1915,1915,12.0
http://www.manahil.com/manahilsarwar#1916-0004-IND,None,21.0,1916,1916,21.0
http://www.manahil.com/manahilsarwar#1917-0014-CHN,07:00,31.0,1917,1917,31.0
http://www.manahil.com/manahilsarwar#1917-0013-CHN,None,None,1917,1917,None
http://www.manahil.com/manahilsarwar#1917-0009-GTM,22:27,25.0,1917,1917,25.0
http://www.manahil.com/manahilsarwar#1917-0003-IDN,07:08,21.0,1917,1917,21.0
http://www.manahil.com/manahilsarwar#1918-0020-CHN,14:07,13.0,1918,1918,13.0
http://www.manahil.com/manahilsarwar#1918-0001-BGD,None,None,1918,1918,None
http://www.manahil.com/manahilsarwar#1918-0015-CAN,None,None,1918,1918,None
http://www.manahil.com/manahilsarwar#1919-0007-AIA,None,None,1919,1919,None
http://www.manahil.com/manahilsarwar#1919-9006-AIA,None,None,1919,1923,None
http://www.manahil.com/manahilsarwar#1919-0003-BGD,None,23.0,1919,1919,23.0
http://www.manahil.com/manahilsarwar#1919-0001-IDN,None,None,1919,1919,None
http://www.manahil.com/manahilsarwar#1920-0007-CHN,19:11,16.0,1920,1920,16.0
http://www.manahil.com/manahilsarwar#1920-9004-CPV,None,None,1920,1920,None
http://www.manahil.com/manahilsarwar#1920-0012-AIA,None,None,1920,1920,None
http://www.manahil.com/manahilsarwar#1920-9003-CHN,None,None,1920,1920,None
http://www.manahil.com/manahilsarwar#1920-0005-DFR,None,None,1920,1920,None
http://www.manahil.com/manahilsarwar#1920-0001-IND,None,None,1920,1920,None
http://www.manahil.com/manahilsarwar#1920-0002-IND,None,None,1920,1920,None
http://www.manahil.com/manahilsarwar#1921-0005-AIA,None,None,1921,1921,None
http://www.manahil.com/manahilsarwar#1922-0001-CHL,00:32,11.0,1922,1922,11.0
http://www.manahil.com/manahilsarwar#1922-0010-AIA,None,None,1922,1922,None
http://www.manahil.com/manahilsarwar#1922-0003-BGD,None,19.0,1922,1922,19.0
http://www.manahil.com/manahilsarwar#1922-0011-CAN,None,30.0,1922,1922,30.0
http://www.manahil.com/manahilsarwar#1922-0004-CHN,None,27.0,1922,1922,27.0
http://www.manahil.com/manahilsarwar#1923-0017-AIA,None,None,1923,1923,None
http://www.manahil.com/manahilsarwar#1923-0003-BGD,None,7.0,1923,1923,7.0
http://www.manahil.com/manahilsarwar#1923-0019-CHN,19:46,24.0,1923,1923,24.0
http://www.manahil.com/manahilsarwar#1923-0018-HKG,None,12.0,1923,1923,12.0
http://www.manahil.com/manahilsarwar#1924-0005-ECU,03:01,3.0,1924,1924,3.0
http://www.manahil.com/manahilsarwar#1924-0007-IDN,None,2.0,1924,1924,2.0
http://www.manahil.com/manahilsarwar#1924-0003-IND,None,23.0,1924,1924,23.0
http://www.manahil.com/manahilsarwar#1924-0001-IND,None,None,1924,1924,None
http://www.manahil.com/manahilsarwar#1925-0002-CHN,21:48,16.0,1925,1925,16.0
http://www.manahil.com/manahilsarwar#1925-0007-DFR,None,None,1925,1925,None
http://www.manahil.com/manahilsarwar#1925-0004-IND,None,10.0,1925,1925,10.0
http://www.manahil.com/manahilsarwar#1926-0018-BEL,None,None,1926,1926,None
http://www.manahil.com/manahilsarwar#1926-0004-BGD,None,19.0,1926,1926,19.0
http://www.manahil.com/manahilsarwar#1926-0009-BHS,None,26.0,1926,1926,26.0
http://www.manahil.com/manahilsarwar#1926-0013-COL,None,5.0,1926,1926,5.0
http://www.manahil.com/manahilsarwar#1926-0012-CUB,None,20.0,1926,1926,20.0
http://www.manahil.com/manahilsarwar#1926-0006-DFR,None,None,1926,1926,None
http://www.manahil.com/manahilsarwar#1926-0014-EGY,None,26.0,1926,1926,26.0
http://www.manahil.com/manahilsarwar#1926-0020-FRA,None,24.0,1926,1926,24.0
http://www.manahil.com/manahilsarwar#1926-0008-IND,None,19.0,1926,1926,19.0
http://www.manahil.com/manahilsarwar#1926-0001-IND,None,None,1926,1926,None
http://www.manahil.com/manahilsarwar#1927-0014-IDN,11:37,1.0,1927,1927,1.0
http://www.manahil.com/manahilsarwar#1927-0006-CHN,05:38,23.0,1927,1927,23.0
http://www.manahil.com/manahilsarwar#1927-0009-CHN,None,26.0,1927,1927,26.0
http://www.manahil.com/manahilsarwar#1927-0012-DZA,None,1.0,1927,1927,1.0
http://www.manahil.com/manahilsarwar#1927-0008-IND,None,23.0,1927,1927,23.0
http://www.manahil.com/manahilsarwar#1927-0011-IND,None,1.0,1927,1927,1.0
http://www.manahil.com/manahilsarwar#1928-0022-BEL,None,None,1928,1928,None
http://www.manahil.com/manahilsarwar#1928-0007-BGR,None,14.0,1928,1928,14.0
http://www.manahil.com/manahilsarwar#1928-0024-CAN,None,18.0,1928,1928,18.0
http://www.manahil.com/manahilsarwar#1928-0003-CHL,None,None,1928,1928,None
http://www.manahil.com/manahilsarwar#1928-9002-CHN,None,None,1928,1928,None
http://www.manahil.com/manahilsarwar#1928-0015-GLP,None,15.0,1928,1928,15.0
http://www.manahil.com/manahilsarwar#1928-0001-GRC,None,None,1928,1928,None
http://www.manahil.com/manahilsarwar#1928-0012-IDN,None,4.0,1928,1928,4.0
http://www.manahil.com/manahilsarwar#1928-0018-IND,None,19.0,1928,1928,19.0
http://www.manahil.com/manahilsarwar#1929-0003-BHS,None,26.0,1929,1929,26.0
http://www.manahil.com/manahilsarwar#1929-0002-DFR,None,None,1929,1929,None
http://www.manahil.com/manahilsarwar#1930-0021-BEL,None,22.0,1930,1930,22.0
http://www.manahil.com/manahilsarwar#1930-0013-BEL,None,2.0,1930,1930,2.0
http://www.manahil.com/manahilsarwar#1930-0024-DMA,None,3.0,1930,1930,3.0
http://www.manahil.com/manahilsarwar#1930-0009-DOM,None,3.0,1930,1930,3.0
http://www.manahil.com/manahilsarwar#1930-0027-FRA,None,13.0,1930,1930,13.0
http://www.manahil.com/manahilsarwar#1930-0007-GRC,None,13.0,1930,1930,13.0
http://www.manahil.com/manahilsarwar#1930-0003-IDN,None,None,1930,1930,None
http://www.manahil.com/manahilsarwar#1931-9014-CAN,None,None,1931,1940,None
http://www.manahil.com/manahilsarwar#1931-0007-CHN,None,None,1931,1931,None
http://www.manahil.com/manahilsarwar#1931-0009-BLZ,None,10.0,1931,1931,10.0
http://www.manahil.com/manahilsarwar#1931-0005-ECU,None,14.0,1931,1931,14.0
http://www.manahil.com/manahilsarwar#1931-0006-FJI,None,16.0,1931,1931,16.0
http://www.manahil.com/manahilsarwar#1931-0010-HND,None,10.0,1931,1931,10.0
http://www.manahil.com/manahilsarwar#1931-0012-IDN,None,13.0,1931,1931,13.0
http://www.manahil.com/manahilsarwar#1932-0006-CUB,None,9.0,1932,1932,9.0
http://www.manahil.com/manahilsarwar#1932-0013-FRA,None,8.0,1932,1932,8.0
http://www.manahil.com/manahilsarwar#1932-0009-IDN,21:08,14.0,1932,1932,14.0
http://www.manahil.com/manahilsarwar#1933-0021-CHN,14:50,25.0,1933,1933,25.0
http://www.manahil.com/manahilsarwar#1933-0013-CHN,None,None,1933,1933,None
http://www.manahil.com/manahilsarwar#1934-0005-CHN,None,23.0,1934,1934,23.0
http://www.manahil.com/manahilsarwar#1935-0009-BHS,None,29.0,1935,1935,29.0
http://www.manahil.com/manahilsarwar#1935-0019-CHN,None,None,1935,1935,None
http://www.manahil.com/manahilsarwar#1935-0008-CUB,None,28.0,1935,1935,28.0
http://www.manahil.com/manahilsarwar#1935-0012-HTI,None,21.0,1935,1935,21.0
http://www.manahil.com/manahilsarwar#1935-0015-IND,None,None,1935,1935,None
http://www.manahil.com/manahilsarwar#1935-0014-IND,None,13.0,1935,1935,13.0
http://www.manahil.com/manahilsarwar#1936-0015-IDN,04:12,24.0,1936,1936,24.0
http://www.manahil.com/manahilsarwar#1936-0006-CAN,None,6.0,1936,1936,6.0
http://www.manahil.com/manahilsarwar#1936-0011-IDN,None,9.0,1936,1936,9.0
http://www.manahil.com/manahilsarwar#1936-0009-IND,None,28.0,1936,1936,28.0
http://www.manahil.com/manahilsarwar#1937-0006-BGD,None,11.0,1937,1937,11.0
http://www.manahil.com/manahilsarwar#1937-0011-HKG,None,1.0,1937,1937,2.0
http://www.manahil.com/manahilsarwar#1938-0009-IDN,01:08,20.0,1938,1938,20.0
http://www.manahil.com/manahilsarwar#1939-0001-CHL,23:32,24.0,1939,1939,24.0
http://www.manahil.com/manahilsarwar#1939-0005-GHA,19:19,22.0,1939,1939,22.0
http://www.manahil.com/manahilsarwar#1939-0017-AUS,None,None,1939,1939,None
http://www.manahil.com/manahilsarwar#1939-0006-CHN,None,None,1939,1939,None
http://www.manahil.com/manahilsarwar#1940-9002-BFA,None,None,1940,1944,None
http://www.manahil.com/manahilsarwar#1940-9002-CPV,None,None,1940,1944,None
http://www.manahil.com/manahilsarwar#1940-9002-GMB,None,None,1940,1944,None
http://www.manahil.com/manahilsarwar#1940-9002-GNB,None,None,1940,1944,None
http://www.manahil.com/manahilsarwar#1941-0003-BGD,None,21.0,1941,1941,21.0
http://www.manahil.com/manahilsarwar#1941-0002-FJI,None,19.0,1941,1941,19.0
http://www.manahil.com/manahilsarwar#1942-9003-IND,None,None,1942,1942,None
http://www.manahil.com/manahilsarwar#1942-0008-BGD,None,None,1942,1942,None
http://www.manahil.com/manahilsarwar#1942-0021-CHN,None,3.0,1942,1942,3.0
http://www.manahil.com/manahilsarwar#1942-0005-COK,None,19.0,1942,1942,19.0
http://www.manahil.com/manahilsarwar#1942-0001-ECU,21:13,13.0,1942,1942,13.0
http://www.manahil.com/manahilsarwar#1942-0009-IND,None,14.0,1942,1942,14.0
http://www.manahil.com/manahilsarwar#1943-0010-CHL,12:07,6.0,1943,1943,6.0
http://www.manahil.com/manahilsarwar#1943-9002-BGD,None,None,1943,1943,None
http://www.manahil.com/manahilsarwar#1943-0009-COK,None,6.0,1943,1943,6.0
http://www.manahil.com/manahilsarwar#1943-0024-IDN,23:53,23.0,1943,1943,23.0
http://www.manahil.com/manahilsarwar#1943-0011-IND,None,24.0,1943,1943,24.0
http://www.manahil.com/manahilsarwar#1943-0012-IND,None,3.0,1943,1943,3.0
http://www.manahil.com/manahilsarwar#1944-0011-CUB,None,18.0,1944,1944,18.0
http://www.manahil.com/manahilsarwar#1944-0002-ARG,20:49,15.0,1944,1944,15.0
http://www.manahil.com/manahilsarwar#1944-0028-AUS,None,None,1944,1944,None
http://www.manahil.com/manahilsarwar#1944-0006-IND,None,14.0,1944,1944,14.0
http://www.manahil.com/manahilsarwar#1945-0009-BEL,None,None,1945,1945,None
http://www.manahil.com/manahilsarwar#1945-0004-BHS,None,14.0,1945,1945,14.0
http://www.manahil.com/manahilsarwar#1945-0005-IND,None,18.0,1945,1945,18.0
http://www.manahil.com/manahilsarwar#1946-0013-CHL,15:18,2.0,1946,1946,2.0
http://www.manahil.com/manahilsarwar#1946-0021-DOM,13:51,4.0,1946,1946,4.0
http://www.manahil.com/manahilsarwar#1946-9004-CPV,None,None,1946,1946,None
http://www.manahil.com/manahilsarwar#1946-0022-AZO,None,None,1946,1946,None
http://www.manahil.com/manahilsarwar#1946-0018-CAN,None,17.0,1946,1946,17.0
http://www.manahil.com/manahilsarwar#1946-0005-COK,None,None,1946,1946,None
http://www.manahil.com/manahilsarwar#1946-0001-DZA,03:43,12.0,1946,1946,12.0
http://www.manahil.com/manahilsarwar#1947-0012-BGD,None,21.0,1947,1947,21.0
http://www.manahil.com/manahilsarwar#1947-9005-BGD,None,None,1947,1947,None
http://www.manahil.com/manahilsarwar#1947-0007-EGY,None,None,1947,1947,None
http://www.manahil.com/manahilsarwar#1947-0011-HKG,None,7.0,1947,1947,7.0
http://www.manahil.com/manahilsarwar#1948-0013-BMU,None,12.0,1948,1948,12.0
http://www.manahil.com/manahilsarwar#1948-0027-BRA,None,None,1948,1948,None
http://www.manahil.com/manahilsarwar#1948-0025-CHL,None,None,1948,1948,None
http://www.manahil.com/manahilsarwar#1948-0022-CHN,None,None,1948,1948,None
http://www.manahil.com/manahilsarwar#1948-0024-CHN,None,None,1948,1948,None
http://www.manahil.com/manahilsarwar#1948-0020-CHN,None,None,1948,1948,None
http://www.manahil.com/manahilsarwar#1948-0009-CUB,None,21.0,1948,1948,21.0
http://www.manahil.com/manahilsarwar#1948-0012-CUB,None,5.0,1948,1948,5.0
http://www.manahil.com/manahilsarwar#1948-0008-IND,None,18.0,1948,1948,18.0
http://www.manahil.com/manahilsarwar#1949-0010-ECU,14:08,5.0,1949,1949,5.0
http://www.manahil.com/manahilsarwar#1949-0005-CHL,23:29,19.0,1949,1949,19.0
http://www.manahil.com/manahilsarwar#1949-0015-CHL,02:53,17.0,1949,1949,17.0
http://www.manahil.com/manahilsarwar#1949-0024-BRA,None,None,1949,1949,None
http://www.manahil.com/manahilsarwar#1949-0025-CHN,None,None,1949,1949,None
http://www.manahil.com/manahilsarwar#1949-0002-COL,None,None,1949,1949,None
http://www.manahil.com/manahilsarwar#1949-0027-FRA,None,None,1949,1949,None
http://www.manahil.com/manahilsarwar#1949-0012-GTM,None,None,1949,1949,None
http://www.manahil.com/manahilsarwar#1949-0013-IND,None,27.0,1949,1949,27.0
http://www.manahil.com/manahilsarwar#1950-0008-IND,19:39,15.0,1950,1950,15.0
http://www.manahil.com/manahilsarwar#1950-0009-ATG,None,1.0,1950,1950,1.0
http://www.manahil.com/manahilsarwar#1950-0012-CAN,None,None,1950,1950,None
http://www.manahil.com/manahilsarwar#1950-0017-CAN,None,5.0,1950,1950,5.0
http://www.manahil.com/manahilsarwar#1950-0007-CHN,None,14.0,1950,1950,14.0
http://www.manahil.com/manahilsarwar#1950-0028-COL,21:35,8.0,1950,1950,8.0
http://www.manahil.com/manahilsarwar#1950-0023-ECU,None,None,1950,1950,None
http://www.manahil.com/manahilsarwar#1950-0006-IND,None,11.0,1950,1950,11.0
http://www.manahil.com/manahilsarwar#1950-0011-IND,None,12.0,1950,1950,12.0
http://www.manahil.com/manahilsarwar#1950-0026-IND,None,None,1950,1950,None
http://www.manahil.com/manahilsarwar#1951-0036-BGD,None,None,1951,1951,None
http://www.manahil.com/manahilsarwar#1951-0029-CHE,None,None,1951,1951,None
http://www.manahil.com/manahilsarwar#1951-0018-CHN,None,28.0,1951,1951,28.0
http://www.manahil.com/manahilsarwar#1951-0005-COM,None,4.0,1951,1951,4.0
http://www.manahil.com/manahilsarwar#1951-0002-IDN,None,None,1951,1951,None
http://www.manahil.com/manahilsarwar#1952-0034-AUT,None,None,1952,1952,None
http://www.manahil.com/manahilsarwar#1952-0026-DZA,None,None,1952,1952,None
http://www.manahil.com/manahilsarwar#1952-0001-FJI,None,28.0,1952,1952,28.0
http://www.manahil.com/manahilsarwar#1952-0005-GBR,None,15.0,1952,1952,15.0
http://www.manahil.com/manahilsarwar#1952-0012-GBR,None,4.0,1952,1952,4.0
http://www.manahil.com/manahilsarwar#1952-0010-HTI,None,27.0,1952,1952,27.0
http://www.manahil.com/manahilsarwar#1952-0011-IND,None,26.0,1952,1952,26.0
http://www.manahil.com/manahilsarwar#1952-0025-IND,None,None,1952,1952,None
http://www.manahil.com/manahilsarwar#1953-0012-CHL,13:16,6.0,1953,1953,6.0
http://www.manahil.com/manahilsarwar#1953-0054-CYP,06:06,10.0,1953,1953,10.0
http://www.manahil.com/manahilsarwar#1953-0001-GRC,09:23,12.0,1953,1953,12.0
http://www.manahil.com/manahilsarwar#1953-0025-BEL,None,31.0,1953,1953,31.0
http://www.manahil.com/manahilsarwar#1953-0030-CAN,None,None,1953,1953,None
http://www.manahil.com/manahilsarwar#1953-0021-CHL,22:05,6.0,1953,1953,6.0
http://www.manahil.com/manahilsarwar#1953-0015-DFR,None,None,1953,1953,None
http://www.manahil.com/manahilsarwar#1953-0039-ECU,None,None,1953,1953,None
http://www.manahil.com/manahilsarwar#1953-0055-ESP,None,None,1953,1953,None
http://www.manahil.com/manahilsarwar#1953-0038-IDN,None,None,1953,1953,None
http://www.manahil.com/manahilsarwar#1953-0042-IND,None,None,1953,1953,None
http://www.manahil.com/manahilsarwar#1953-0045-IND,None,None,1953,1953,None
http://www.manahil.com/manahilsarwar#1954-0017-DZA,01:04,9.0,1954,1954,9.0
http://www.manahil.com/manahilsarwar#1954-0009-AFG,None,10.0,1954,1954,10.0
http://www.manahil.com/manahilsarwar#1954-0027-ANT,None,30.0,1954,1954,30.0
http://www.manahil.com/manahilsarwar#1954-0003-AUT,None,11.0,1954,1954,11.0
http://www.manahil.com/manahilsarwar#1954-0004-AUT,None,12.0,1954,1954,12.0
http://www.manahil.com/manahilsarwar#1954-0032-CAN,None,5.0,1954,1954,18.0
http://www.manahil.com/manahilsarwar#1954-0010-CHN,None,None,1954,1954,None
http://www.manahil.com/manahilsarwar#1954-0014-CHN,None,None,1954,1954,None
http://www.manahil.com/manahilsarwar#1954-0012-COL,None,12.0,1954,1954,12.0
http://www.manahil.com/manahilsarwar#1954-0064-COL,None,None,1954,1954,None
http://www.manahil.com/manahilsarwar#1954-0034-EGY,None,None,1954,1954,None
http://www.manahil.com/manahilsarwar#1954-0044-GRC,15:02,30.0,1954,1954,30.0
http://www.manahil.com/manahilsarwar#1954-0024-HTI,None,22.0,1954,1954,22.0
http://www.manahil.com/manahilsarwar#1954-0022-HTI,None,5.0,1954,1954,18.0
http://www.manahil.com/manahilsarwar#1954-0042-IDN,None,None,1954,1954,None
http://www.manahil.com/manahilsarwar#1954-0043-IND,None,None,1954,1954,None
http://www.manahil.com/manahilsarwar#1955-0015-IND,None,28.0,1955,1955,28.0
http://www.manahil.com/manahilsarwar#1955-0025-AIA,None,2.0,1955,1955,2.0
http://www.manahil.com/manahilsarwar#1955-0037-AUS,None,None,1955,1955,None
http://www.manahil.com/manahilsarwar#1955-0014-BLZ,None,28.0,1955,1955,28.0
http://www.manahil.com/manahilsarwar#1955-0011-BRB,None,22.0,1955,1955,22.0
http://www.manahil.com/manahilsarwar#1955-0031-CAN,None,12.0,1955,1955,12.0
http://www.manahil.com/manahilsarwar#1955-0038-CHN,08:29,14.0,1955,1955,14.0
http://www.manahil.com/manahilsarwar#1955-0020-EGY,08:09,12.0,1955,1955,12.0
http://www.manahil.com/manahilsarwar#1955-0040-IDN,None,None,1955,1955,None
http://www.manahil.com/manahilsarwar#1955-0019-IND,None,28.0,1955,1955,28.0
http://www.manahil.com/manahilsarwar#1955-0049-IND,None,None,1955,1955,None
http://www.manahil.com/manahilsarwar#1956-0037-GRC,05:11,9.0,1956,1956,9.0
http://www.manahil.com/manahilsarwar#1956-0008-AFG,None,10.0,1956,1956,10.0
http://www.manahil.com/manahilsarwar#1956-0039-AFG,None,None,1956,1956,None
http://www.manahil.com/manahilsarwar#1956-0028-BEL,None,29.0,1956,1956,29.0
http://www.manahil.com/manahilsarwar#1956-0030-BRA,None,None,1956,1956,None
http://www.manahil.com/manahilsarwar#1956-0033-BRA,None,None,1956,1956,None
http://www.manahil.com/manahilsarwar#1956-0013-CHN,None,None,1956,1956,None
http://www.manahil.com/manahilsarwar#1956-0001-CHN,None,None,1956,1956,None
http://www.manahil.com/manahilsarwar#1956-0056-ESP,None,19.0,1956,1956,19.0
http://www.manahil.com/manahilsarwar#1956-0015-GLP,None,11.0,1956,1956,11.0
http://www.manahil.com/manahilsarwar#1956-0051-IDN,None,None,1956,1956,None
http://www.manahil.com/manahilsarwar#1956-0038-IND,21:02,21.0,1956,1956,21.0
http://www.manahil.com/manahilsarwar#1956-0047-IND,None,None,1956,1956,None
http://www.manahil.com/manahilsarwar#1956-0007-IND,None,29.0,1956,1956,29.0
http://www.manahil.com/manahilsarwar#1956-0012-IND,None,1.0,1956,1956,1.0
http://www.manahil.com/manahilsarwar#1956-0016-IND,None,9.0,1956,1956,9.0
http://www.manahil.com/manahilsarwar#1956-0046-IND,None,None,1956,1956,None
http://www.manahil.com/manahilsarwar#1957-0042-BRA,None,None,1957,1957,None
http://www.manahil.com/manahilsarwar#1957-0033-CHN,None,None,1957,1957,None
http://www.manahil.com/manahilsarwar#1957-0040-ESP,None,None,1957,1957,None
http://www.manahil.com/manahilsarwar#1957-0021-HKG,None,20.0,1957,1957,20.0
http://www.manahil.com/manahilsarwar#1958-0036-ARG,None,None,1958,1958,None
http://www.manahil.com/manahilsarwar#1958-0008-BGD,None,None,1958,1958,None
http://www.manahil.com/manahilsarwar#1958-0014-BGD,None,20.0,1958,1958,20.0
http://www.manahil.com/manahilsarwar#1958-0010-CHL,None,None,1958,1958,None
http://www.manahil.com/manahilsarwar#1958-0005-FJI,None,7.0,1958,1958,7.0
http://www.manahil.com/manahilsarwar#1958-0039-FRA,None,30.0,1958,1958,4.0
http://www.manahil.com/manahilsarwar#1958-0024-IDN,08:42,20.0,1958,1958,20.0
http://www.manahil.com/manahilsarwar#1958-0033-IND,None,None,1958,1958,None
http://www.manahil.com/manahilsarwar#1958-0031-IND,None,None,1958,1958,None
http://www.manahil.com/manahilsarwar#1959-0006-CHN,None,None,1959,1961,None
http://www.manahil.com/manahilsarwar#1959-0042-BRA,None,None,1959,1959,None
http://www.manahil.com/manahilsarwar#1959-0047-BRA,None,None,1959,1959,None
http://www.manahil.com/manahilsarwar#1959-0023-CAN,None,16.0,1959,1959,16.0
http://www.manahil.com/manahilsarwar#1959-0009-CHN,None,None,1959,1959,None
http://www.manahil.com/manahilsarwar#1959-0011-CHN,None,20.0,1959,1959,20.0
http://www.manahil.com/manahilsarwar#1959-0034-CHN,None,None,1959,1959,None
http://www.manahil.com/manahilsarwar#1959-0035-COL,None,None,1959,1959,None
http://www.manahil.com/manahilsarwar#1959-0033-HKG,None,None,1959,1959,None
http://www.manahil.com/manahilsarwar#1959-0031-HTI,None,None,1959,1959,None
http://www.manahil.com/manahilsarwar#1960-0013-CHL,15-11,22.0,1960,1960,22.0
http://www.manahil.com/manahilsarwar#1960-0026-AIA,None,4.0,1960,1960,4.0
http://www.manahil.com/manahilsarwar#1960-0025-ANT,None,4.0,1960,1960,4.0
http://www.manahil.com/manahilsarwar#1960-0024-ATG,None,4.0,1960,1960,4.0
http://www.manahil.com/manahilsarwar#1960-0030-BGD,None,9.0,1960,1960,9.0
http://www.manahil.com/manahilsarwar#1960-0031-BGD,None,30.0,1960,1960,30.0
http://www.manahil.com/manahilsarwar#1960-0001-BGD,None,None,1960,1960,None
http://www.manahil.com/manahilsarwar#1960-0033-DZA,09:13,21.0,1960,1960,21.0
http://www.manahil.com/manahilsarwar#1960-0042-HKG,None,4.0,1960,1960,4.0
http://www.manahil.com/manahilsarwar#1960-9039-HKG,None,None,1960,1960,None
http://www.manahil.com/manahilsarwar#1960-0040-HKG,None,6.0,1960,1960,6.0
http://www.manahil.com/manahilsarwar#1961-0004-BGD,None,9.0,1961,1961,9.0
http://www.manahil.com/manahilsarwar#1961-0005-BGD,None,30.0,1961,1961,30.0
http://www.manahil.com/manahilsarwar#1961-0046-BGD,None,None,1961,1961,None
http://www.manahil.com/manahilsarwar#1961-0013-BLZ,None,30.0,1961,1961,31.0
http://www.manahil.com/manahilsarwar#1961-9040-CAN,None,None,1961,1961,None
http://www.manahil.com/manahilsarwar#1961-0016-ETH,02:29,2.0,1961,1961,2.0
http://www.manahil.com/manahilsarwar#1961-0058-FRA,None,1.0,1961,1961,1.0
http://www.manahil.com/manahilsarwar#1961-0053-GRC,None,None,1961,1961,None
http://www.manahil.com/manahilsarwar#1961-0037-HKG,None,9.0,1961,1961,9.0
http://www.manahil.com/manahilsarwar#1961-0030-HKG,None,24.0,1961,1961,24.0
http://www.manahil.com/manahilsarwar#1961-0052-HND,None,None,1961,1961,None
http://www.manahil.com/manahilsarwar#1961-0055-IND,None,None,1961,1961,None
http://www.manahil.com/manahilsarwar#1962-0044-ALB,16:30,18.0,1962,1962,18.0
http://www.manahil.com/manahilsarwar#1962-0043-CAN,None,12.0,1962,1962,12.0
http://www.manahil.com/manahilsarwar#1962-0030-COL,13:53,30.0,1962,1962,30.0
http://www.manahil.com/manahilsarwar#1962-0033-COL,None,None,1962,1962,None
http://www.manahil.com/manahilsarwar#1962-0003-DFR,None,None,1962,1962,None
http://www.manahil.com/manahilsarwar#1962-0008-ESP,None,27.0,1962,1962,27.0
http://www.manahil.com/manahilsarwar#1962-0012-GUM,None,None,1962,1962,None
http://www.manahil.com/manahilsarwar#1962-0015-HKG,None,28.0,1962,1962,28.0
http://www.manahil.com/manahilsarwar#1962-0039-HTI,None,None,1962,1962,None
http://www.manahil.com/manahilsarwar#1963-0065-AFG,None,None,1963,1963,None
http://www.manahil.com/manahilsarwar#1963-0055-BEL,None,None,1963,1963,None
http://www.manahil.com/manahilsarwar#1963-0013-BGD,None,28.0,1963,1963,28.0
http://www.manahil.com/manahilsarwar#1963-0079-BGD,None,None,1963,1963,None
http://www.manahil.com/manahilsarwar#1963-0069-BGD,None,None,1963,1963,None
http://www.manahil.com/manahilsarwar#1963-0031-BHS,None,8.0,1963,1963,8.0
http://www.manahil.com/manahilsarwar#1963-0011-CRI,None,18.0,1963,1963,18.0
http://www.manahil.com/manahilsarwar#1963-0030-CUB,None,4.0,1963,1963,4.0
http://www.manahil.com/manahilsarwar#1963-0020-DMA,None,25.0,1963,1963,25.0
http://www.manahil.com/manahilsarwar#1963-0027-DOM,None,2.0,1963,1963,2.0
http://www.manahil.com/manahilsarwar#1963-0037-DZA,None,None,1963,1963,None
http://www.manahil.com/manahilsarwar#1963-0024-GRD,None,30.0,1963,1963,30.0
http://www.manahil.com/manahilsarwar#1963-0028-HTI,None,4.0,1963,1963,8.0
http://www.manahil.com/manahilsarwar#1963-0038-HTI,None,None,1963,1963,None
http://www.manahil.com/manahilsarwar#1963-0034-HTI,None,14.0,1963,1963,15.0
http://www.manahil.com/manahilsarwar#1963-0008-IDN,None,3.0,1963,1963,3.0
http://www.manahil.com/manahilsarwar#1963-0066-IDN,None,None,1963,1963,None
http://www.manahil.com/manahilsarwar#1963-0064-IND,None,None,1963,1963,None
http://www.manahil.com/manahilsarwar#1964-9044-IND,None,None,1964,1964,None
http://www.manahil.com/manahilsarwar#1964-0016-AZO,12:19,18.0,1964,1964,18.0
http://www.manahil.com/manahilsarwar#1964-0024-BGD,None,12.0,1964,1964,12.0
http://www.manahil.com/manahilsarwar#1964-0039-BGD,None,None,1964,1964,None
http://www.manahil.com/manahilsarwar#1964-0005-BRA,None,None,1964,1964,None
http://www.manahil.com/manahilsarwar#1964-0022-BRA,None,None,1964,1964,None
http://www.manahil.com/manahilsarwar#1964-0041-BRA,None,5.0,1964,1964,5.0
http://www.manahil.com/manahilsarwar#1964-0017-CHL,None,2.0,1964,1964,2.0
http://www.manahil.com/manahilsarwar#1964-0098-CHN,None,5.0,1964,1964,5.0
http://www.manahil.com/manahilsarwar#1964-0096-CUB,None,None,1964,1964,None
http://www.manahil.com/manahilsarwar#1964-0048-DOM,None,24.0,1964,1964,24.0
http://www.manahil.com/manahilsarwar#1964-9006-ECU,None,None,1964,1964,None
http://www.manahil.com/manahilsarwar#1964-0019-FJI,None,22.0,1964,1964,22.0
http://www.manahil.com/manahilsarwar#1964-0046-GLP,None,22.0,1964,1964,22.0
http://www.manahil.com/manahilsarwar#1964-0082-HKG,None,5.0,1964,1964,5.0
http://www.manahil.com/manahilsarwar#1964-0085-HKG,None,12.0,1964,1964,12.0
http://www.manahil.com/manahilsarwar#1964-0047-HTI,None,24.0,1964,1964,24.0
http://www.manahil.com/manahilsarwar#1964-0068-IND,None,17.0,1964,1964,17.0
http://www.manahil.com/manahilsarwar#1964-9009-IND,None,None,1964,1964,None
http://www.manahil.com/manahilsarwar#1965-0093-IDN,07:11,24.0,1965,1965,24.0
http://www.manahil.com/manahilsarwar#1965-9073-IND,None,None,1965,1967,None
http://www.manahil.com/manahilsarwar#1965-0048-ARG,None,16.0,1965,1965,16.0
http://www.manahil.com/manahilsarwar#1965-0028-BGD,None,11.0,1965,1965,11.0
http://www.manahil.com/manahilsarwar#1965-0034-BGD,None,None,1965,1965,None
http://www.manahil.com/manahilsarwar#1965-0068-BGD,None,15.0,1965,1965,15.0
http://www.manahil.com/manahilsarwar#1965-0070-BGR,None,17.0,1965,1965,17.0
http://www.manahil.com/manahilsarwar#1965-0054-BHS,None,9.0,1965,1965,9.0
http://www.manahil.com/manahilsarwar#1965-0071-BOL,None,22.0,1965,1965,22.0
http://www.manahil.com/manahilsarwar#1965-0030-BRA,None,None,1965,1965,None
http://www.manahil.com/manahilsarwar#1965-0047-BRA,None,16.0,1965,1965,16.0
http://www.manahil.com/manahilsarwar#1965-9003-BWA,None,None,1965,1965,None
http://www.manahil.com/manahilsarwar#1965-0088-CAN,None,18.0,1965,1965,18.0
http://www.manahil.com/manahilsarwar#1965-0051-CHE,None,30.0,1965,1965,30.0
http://www.manahil.com/manahilsarwar#1965-0016-CHL,12:33,28.0,1965,1965,28.0
http://www.manahil.com/manahilsarwar#1965-0095-CHL,None,None,1965,1965,None
http://www.manahil.com/manahilsarwar#1965-0040-CHL,None,None,1965,1965,None
http://www.manahil.com/manahilsarwar#1965-0099-CHL,None,None,1965,1965,None
http://www.manahil.com/manahilsarwar#1965-9080-CHN,None,None,1965,1965,None
http://www.manahil.com/manahilsarwar#1965-0065-COL,None,27.0,1965,1965,27.0
http://www.manahil.com/manahilsarwar#1965-0022-DOM,None,19.0,1965,1965,19.0
http://www.manahil.com/manahilsarwar#1965-0002-DZA,21:38,1.0,1965,1965,1.0
http://www.manahil.com/manahilsarwar#1965-0018-ECU,None,None,1965,1965,None
http://www.manahil.com/manahilsarwar#1965-9038-ETH,None,None,1965,1965,None
http://www.manahil.com/manahilsarwar#1965-0011-FJI,None,7.0,1965,1965,7.0
http://www.manahil.com/manahilsarwar#1965-0015-GRC,None,9.0,1965,1965,9.0
http://www.manahil.com/manahilsarwar#1965-0085-HKG,None,26.0,1965,1965,26.0
http://www.manahil.com/manahilsarwar#1965-0045-HND,None,None,1965,1965,None
http://www.manahil.com/manahilsarwar#1965-9032-HND,None,None,1965,1965,None
http://www.manahil.com/manahilsarwar#1965-0057-HND,None,24.0,1965,1965,24.0
http://www.manahil.com/manahilsarwar#1965-0096-IND,None,None,1965,1965,None
http://www.manahil.com/manahilsarwar#1966-9004-IDN,None,None,1966,1966,None
http://www.manahil.com/manahilsarwar#1966-0031-ARG,None,28.0,1966,1966,28.0
http://www.manahil.com/manahilsarwar#1966-0117-ASM,None,None,1966,1966,None
http://www.manahil.com/manahilsarwar#1966-0072-ATG,None,26.0,1966,1966,26.0
http://www.manahil.com/manahilsarwar#1966-0115-BEL,None,17.0,1966,1966,17.0
http://www.manahil.com/manahilsarwar#1966-9005-BFA,None,None,1966,1966,None
http://www.manahil.com/manahilsarwar#1966-0077-BGD,None,1.0,1966,1966,1.0
http://www.manahil.com/manahilsarwar#1966-0047-BGD,None,None,1966,1966,None
http://www.manahil.com/manahilsarwar#1966-0078-BHS,None,3.0,1966,1966,3.0
http://www.manahil.com/manahilsarwar#1966-0132-BHS,None,None,1966,1966,None
http://www.manahil.com/manahilsarwar#1966-0025-BOL,None,None,1966,1966,None
http://www.manahil.com/manahilsarwar#1966-0053-BOL,None,29.0,1966,1966,29.0
http://www.manahil.com/manahilsarwar#1966-0019-BRA,None,11.0,1966,1966,11.0
http://www.manahil.com/manahilsarwar#1966-0017-BRA,None,11.0,1966,1966,11.0
http://www.manahil.com/manahilsarwar#1966-0044-BRA,None,21.0,1966,1966,21.0
http://www.manahil.com/manahilsarwar#1966-0116-BRA,None,None,1966,1966,None
http://www.manahil.com/manahilsarwar#1966-0120-BRA,None,None,1966,1966,None
http://www.manahil.com/manahilsarwar#1966-0110-CAN,None,4.0,1966,1966,4.0
http://www.manahil.com/manahilsarwar#1966-0090-CHL,04:18,28.0,1966,1966,28.0
http://www.manahil.com/manahilsarwar#1966-0076-CUB,None,30.0,1966,1966,30.0
http://www.manahil.com/manahilsarwar#1966-0074-DOM,None,29.0,1966,1966,29.0
http://www.manahil.com/manahilsarwar#1966-0079-DZA,None,6.0,1966,1966,6.0
http://www.manahil.com/manahilsarwar#1966-0043-ECU,None,15.0,1966,1966,15.0
http://www.manahil.com/manahilsarwar#1966-0083-GBR,None,21.0,1966,1966,21.0
http://www.manahil.com/manahilsarwar#1966-0073-GLP,None,27.0,1966,1966,27.0
http://www.manahil.com/manahilsarwar#1966-0026-GRC,04:01,5.0,1966,1966,5.0
http://www.manahil.com/manahilsarwar#1966-0068-GRC,16:13,1.0,1966,1966,1.0
http://www.manahil.com/manahilsarwar#1966-0105-HKG,None,4.0,1966,1966,4.0
http://www.manahil.com/manahilsarwar#1966-0010-HKG,None,None,1966,1966,None
http://www.manahil.com/manahilsarwar#1966-9107-HKG,None,None,1966,1966,None
http://www.manahil.com/manahilsarwar#1966-0050-HKG,None,11.0,1966,1966,11.0
http://www.manahil.com/manahilsarwar#1966-0075-HTI,None,29.0,1966,1966,29.0
http://www.manahil.com/manahilsarwar#1966-0041-IDN,None,25.0,1966,1966,25.0
http://www.manahil.com/manahilsarwar#1966-0061-IDN,None,12.0,1966,1966,12.0
http://www.manahil.com/manahilsarwar#1966-0036-IDN,None,14.0,1966,1966,14.0
http://www.manahil.com/manahilsarwar#1966-0085-IND,None,3.0,1966,1966,3.0
http://www.manahil.com/manahilsarwar#1967-0101-IDN,12:09,11.0,1967,1967,11.0
http://www.manahil.com/manahilsarwar#1967-0075-ALB,08:23,30.0,1967,1967,30.0
http://www.manahil.com/manahilsarwar#1967-0064-ARG,None,10.0,1967,1967,10.0
http://www.manahil.com/manahilsarwar#1967-0018-AUS,None,7.0,1967,1967,7.0
http://www.manahil.com/manahilsarwar#1967-9012-AUS,None,None,1967,1969,None
http://www.manahil.com/manahilsarwar#1967-0108-BEL,None,25.0,1967,1967,25.0
http://www.manahil.com/manahilsarwar#1967-0034-BGD,None,2.0,1967,1967,2.0
http://www.manahil.com/manahilsarwar#1967-0062-BGD,None,None,1967,1967,None
http://www.manahil.com/manahilsarwar#1967-0028-BRA,None,19.0,1967,1967,19.0
http://www.manahil.com/manahilsarwar#1967-0015-BRA,None,23.0,1967,1967,23.0
http://www.manahil.com/manahilsarwar#1967-0029-BRA,None,30.0,1967,1967,30.0
http://www.manahil.com/manahilsarwar#1967-0060-BRA,None,20.0,1967,1967,20.0
http://www.manahil.com/manahilsarwar#1967-0081-BRA,None,28.0,1967,1967,28.0
http://www.manahil.com/manahilsarwar#1967-0082-COG,None,None,1967,1967,None
http://www.manahil.com/manahilsarwar#1967-0078-COK,None,16.0,1967,1967,16.0
http://www.manahil.com/manahilsarwar#1967-0020-COL,10:24,9.0,1967,1967,9.0
http://www.manahil.com/manahilsarwar#1967-0070-DZA,None,None,1967,1967,None
http://www.manahil.com/manahilsarwar#1967-0053-ECU,None,None,1967,1967,None
http://www.manahil.com/manahilsarwar#1967-0019-ECU,None,8.0,1967,1967,8.0
http://www.manahil.com/manahilsarwar#1967-0041-FRA,None,25.0,1967,1967,25.0
http://www.manahil.com/manahilsarwar#1967-0131-FRA,23:07,13.0,1967,1967,13.0
http://www.manahil.com/manahilsarwar#1967-0032-GRC,09:08,1.0,1967,1967,1.0
http://www.manahil.com/manahilsarwar#1967-0096-HKG,None,19.0,1967,1967,19.0
http://www.manahil.com/manahilsarwar#1967-0095-HKG,None,None,1967,1967,None
http://www.manahil.com/manahilsarwar#1967-0102-IDN,05:14,20.0,1967,1967,20.0
http://www.manahil.com/manahilsarwar#1967-0007-IDN,None,None,1967,1967,None
http://www.manahil.com/manahilsarwar#1967-0013-IDN,None,9.0,1967,1967,9.0
http://www.manahil.com/manahilsarwar#1967-0038-IDN,None,None,1967,1967,None
http://www.manahil.com/manahilsarwar#1967-0076-IDN,None,30.0,1967,1967,30.0
http://www.manahil.com/manahilsarwar#1967-0077-IND,04:21,11.0,1967,1967,11.0
http://www.manahil.com/manahilsarwar#1967-0063-IND,None,8.0,1967,1967,8.0
http://www.manahil.com/manahilsarwar#1967-0004-IND,None,1.0,1967,1967,1.0
http://www.manahil.com/manahilsarwar#1968-0032-GRC,00:45,20.0,1968,1968,20.0
http://www.manahil.com/manahilsarwar#1968-0077-AUS,12:58,14.0,1968,1968,14.0
http://www.manahil.com/manahilsarwar#1968-0080-AUS,None,None,1968,1968,None
http://www.manahil.com/manahilsarwar#1968-0040-BGD,None,11.0,1968,1968,11.0
http://www.manahil.com/manahilsarwar#1968-0054-BGD,None,None,1968,1968,None
http://www.manahil.com/manahilsarwar#1968-0031-BOL,None,11.0,1968,1968,11.0
http://www.manahil.com/manahilsarwar#1968-0131-BRA,None,None,1968,1968,None
http://www.manahil.com/manahilsarwar#1968-9004-BWA,None,None,1968,1968,None
http://www.manahil.com/manahilsarwar#1968-0027-CHE,None,28.0,1968,1968,28.0
http://www.manahil.com/manahilsarwar#1968-9008-CHL,None,None,1968,1972,None
http://www.manahil.com/manahilsarwar#1968-0057-CHL,None,23.0,1968,1968,23.0
http://www.manahil.com/manahilsarwar#1968-0028-COL,None,29.0,1968,1968,29.0
http://www.manahil.com/manahilsarwar#1968-0059-CRI,None,29.0,1968,1968,29.0
http://www.manahil.com/manahilsarwar#1968-0076-CUB,None,13.0,1968,1968,13.0
http://www.manahil.com/manahilsarwar#1968-0056-DFR,None,10.0,1968,1968,10.0
http://www.manahil.com/manahilsarwar#1968-9009-DOM,None,None,1968,1968,None
http://www.manahil.com/manahilsarwar#1968-0048-ETH,None,7.0,1968,1968,7.0
http://www.manahil.com/manahilsarwar#1968-0022-GBR,None,14.0,1968,1968,14.0
http://www.manahil.com/manahilsarwar#1968-0053-GHA,None,None,1968,1968,None
http://www.manahil.com/manahilsarwar#1968-9010-GMB,None,None,1968,1968,None
http://www.manahil.com/manahilsarwar#1968-0112-HKG,None,12.0,1968,1968,12.0
http://www.manahil.com/manahilsarwar#1968-0067-HKG,None,21.0,1968,1968,21.0
http://www.manahil.com/manahilsarwar#1968-0106-HKG,None,None,1968,1968,None
http://www.manahil.com/manahilsarwar#1968-0108-HKG,None,None,1968,1968,None
http://www.manahil.com/manahilsarwar#1968-9006-HTI,None,None,1968,1968,None
http://www.manahil.com/manahilsarwar#1968-0064-IDN,05:14,15.0,1968,1968,15.0
http://www.manahil.com/manahilsarwar#1968-0003-IDN,None,1.0,1968,1968,1.0
http://www.manahil.com/manahilsarwar#1968-0038-IDN,None,None,1968,1968,None
http://www.manahil.com/manahilsarwar#1968-0055-IND,None,None,1968,1968,None
http://www.manahil.com/manahilsarwar#1968-0074-IND,None,1.0,1968,1968,1.0
http://www.manahil.com/manahilsarwar#1968-0084-IND,None,4.0,1968,1968,4.0
http://www.manahil.com/manahilsarwar#1969-9007-AFG,None,None,1969,1969,None
http://www.manahil.com/manahilsarwar#1969-9006-BEN,None,None,1972,1975,None
http://www.manahil.com/manahilsarwar#1969-9006-BFA,None,None,1969,1975,None
http://www.manahil.com/manahilsarwar#1969-9006-CPV,None,None,1972,1975,None
http://www.manahil.com/manahilsarwar#1969-9006-GMB,None,None,1971,1975,None
http://www.manahil.com/manahilsarwar#1969-9006-GNB,None,None,1972,1975,None
http://www.manahil.com/manahilsarwar#1969-0004-BFA,None,1.0,1969,1969,1.0
http://www.manahil.com/manahilsarwar#1969-0099-BFA,None,None,1969,1969,None
http://www.manahil.com/manahilsarwar#1969-0065-BGD,None,14.0,1969,1969,14.0
http://www.manahil.com/manahilsarwar#1969-0048-BOL,None,None,1969,1969,None
http://www.manahil.com/manahilsarwar#1969-0108-BOL,None,None,1969,1969,None
http://www.manahil.com/manahilsarwar#1969-0057-BRA,None,14.0,1969,1969,14.0
http://www.manahil.com/manahilsarwar#1969-0082-CHN,06:49,26.0,1969,1969,26.0
http://www.manahil.com/manahilsarwar#1969-0066-CHN,None,23.0,1969,1969,23.0
http://www.manahil.com/manahilsarwar#1969-0110-COL,None,None,1969,1969,None
http://www.manahil.com/manahilsarwar#1969-0103-CRI,None,None,1969,1969,None
http://www.manahil.com/manahilsarwar#1969-0112-CYP,None,22.0,1969,1969,22.0
http://www.manahil.com/manahilsarwar#1969-0096-DZA,None,None,1969,1969,None
http://www.manahil.com/manahilsarwar#1969-0068-ECU,None,None,1969,1969,None
http://www.manahil.com/manahilsarwar#1969-0061-ETH,12:15,29.0,1969,1969,29.0
http://www.manahil.com/manahilsarwar#1969-9009-ETH,None,None,1969,1969,None
http://www.manahil.com/manahilsarwar#1969-0074-FRA,None,6.0,1969,1969,6.0
http://www.manahil.com/manahilsarwar#1969-0091-GTM,None,5.0,1969,1969,5.0
http://www.manahil.com/manahilsarwar#1969-0072-GTM,None,None,1969,1969,None
http://www.manahil.com/manahilsarwar#1969-0131-HKG,None,28.0,1969,1969,28.0
http://www.manahil.com/manahilsarwar#1969-0129-HKG,None,None,1969,1969,None
http://www.manahil.com/manahilsarwar#1969-0130-HKG,None,None,1969,1969,None
http://www.manahil.com/manahilsarwar#1969-0133-HKG,None,11.0,1969,1969,11.0
http://www.manahil.com/manahilsarwar#1969-0089-HND,None,1.0,1969,1969,1.0
http://www.manahil.com/manahilsarwar#1969-0092-HND,None,5.0,1969,1969,5.0
http://www.manahil.com/manahilsarwar#1969-0052-IDN,07:36,23.0,1969,1969,23.0
http://www.manahil.com/manahilsarwar#1969-0014-IDN,None,None,1969,1969,None
http://www.manahil.com/manahilsarwar#1969-0071-IND,None,17.0,1969,1969,17.0
http://www.manahil.com/manahilsarwar#1969-0109-IND,None,4.0,1969,1969,4.0
http://www.manahil.com/manahilsarwar#1970-0013-ARG,None,4.0,1970,1970,4.0
http://www.manahil.com/manahilsarwar#1970-0109-AUS,None,None,1970,1970,None
http://www.manahil.com/manahilsarwar#1970-0044-BEN,None,None,1970,1970,None
http://www.manahil.com/manahilsarwar#1970-0063-BGD,None,12.0,1970,1970,12.0
http://www.manahil.com/manahilsarwar#1970-0026-BGD,None,13.0,1970,1970,13.0
http://www.manahil.com/manahilsarwar#1970-0035-BGD,None,None,1970,1970,None
http://www.manahil.com/manahilsarwar#1970-0058-BGD,None,23.0,1970,1970,23.0
http://www.manahil.com/manahilsarwar#1970-9005-BRA,None,None,1970,1970,None
http://www.manahil.com/manahilsarwar#1970-0037-BRA,None,21.0,1970,1970,21.0
http://www.manahil.com/manahilsarwar#1970-0054-BRB,None,2.0,1970,1970,2.0
http://www.manahil.com/manahilsarwar#1970-9073-BWA,None,None,1970,1970,None
http://www.manahil.com/manahilsarwar#1970-0042-CAN,None,20.0,1970,1970,20.0
http://www.manahil.com/manahilsarwar#1970-0018-CHE,None,24.0,1970,1970,24.0
http://www.manahil.com/manahilsarwar#1970-0010-CHN,None,4.0,1970,1970,4.0
http://www.manahil.com/manahilsarwar#1970-0090-CHN,None,7.0,1970,1970,7.0
http://www.manahil.com/manahilsarwar#1970-0057-CIV,None,20.0,1970,1970,20.0
http://www.manahil.com/manahilsarwar#1970-0051-COL,22:38,25.0,1970,1970,25.0
http://www.manahil.com/manahilsarwar#1970-0021-COL,None,None,1970,1970,None
http://www.manahil.com/manahilsarwar#1970-0061-COL,None,None,1970,1970,None
http://www.manahil.com/manahilsarwar#1970-0069-COL,None,12.0,1970,1970,12.0
http://www.manahil.com/manahilsarwar#1970-0025-CRI,None,9.0,1970,1970,9.0
http://www.manahil.com/manahilsarwar#1970-0066-CRI,None,4.0,1970,1970,4.0
http://www.manahil.com/manahilsarwar#1970-0118-CUB,None,3.0,1970,1970,3.0
http://www.manahil.com/manahilsarwar#1970-0006-CYP,None,1.0,1970,1970,1.0
http://www.manahil.com/manahilsarwar#1970-0120-DMA,None,20.0,1970,1970,20.0
http://www.manahil.com/manahilsarwar#1970-0067-ECU,23:34,9.0,1970,1970,9.0
http://www.manahil.com/manahilsarwar#1970-0023-ECU,None,8.0,1970,1970,8.0
http://www.manahil.com/manahilsarwar#1970-0062-ECU,None,None,1970,1970,None
http://www.manahil.com/manahilsarwar#1970-0007-ETH,None,1.0,1970,1970,1.0
http://www.manahil.com/manahilsarwar#1970-0016-FRA,None,10.0,1970,1970,10.0
http://www.manahil.com/manahilsarwar#1970-0027-FRA,None,16.0,1970,1970,16.0
http://www.manahil.com/manahilsarwar#1970-0121-GLP,None,20.0,1970,1970,20.0
http://www.manahil.com/manahilsarwar#1970-0099-HKG,None,16.0,1970,1970,16.0
http://www.manahil.com/manahilsarwar#1970-0093-HKG,None,None,1970,1970,None
http://www.manahil.com/manahilsarwar#1970-0094-HKG,None,None,1970,1970,None
http://www.manahil.com/manahilsarwar#1970-0097-HKG,None,13.0,1970,1970,13.0
http://www.manahil.com/manahilsarwar#1970-0028-HUN,None,1.0,1970,1970,30.0
http://www.manahil.com/manahilsarwar#1970-0129-IDN,None,None,1970,1970,None
http://www.manahil.com/manahilsarwar#1970-0112-IND,07:22,23.0,1970,1970,23.0
http://www.manahil.com/manahilsarwar#1971-0042-CHL,00:03,9.0,1971,1971,9.0
http://www.manahil.com/manahilsarwar#1971-0044-AFG,None,28.0,1971,1971,28.0
http://www.manahil.com/manahilsarwar#1971-9085-AFG,None,None,1971,1973,None
http://www.manahil.com/manahilsarwar#1971-0015-AUS,None,9.0,1971,1971,9.0
http://www.manahil.com/manahilsarwar#1971-0096-AUS,None,24.0,1971,1971,24.0
http://www.manahil.com/manahilsarwar#1971-0119-BEL,None,26.0,1971,1971,26.0
http://www.manahil.com/manahilsarwar#1971-0032-BGD,None,8.0,1971,1971,8.0
http://www.manahil.com/manahilsarwar#1971-0017-BRA,None,26.0,1971,1971,26.0
http://www.manahil.com/manahilsarwar#1971-0027-BRA,None,26.0,1971,1971,26.0
http://www.manahil.com/manahilsarwar#1971-0118-CAN,None,4.0,1971,1971,4.0
http://www.manahil.com/manahilsarwar#1971-0031-CAN,None,4.0,1971,1971,4.0
http://www.manahil.com/manahilsarwar#1971-0039-CHL,None,20.0,1971,1971,20.0
http://www.manahil.com/manahilsarwar#1971-9001-CMR,None,None,1971,1971,None
http://www.manahil.com/manahilsarwar#1971-0135-COL,None,None,1971,1971,None
http://www.manahil.com/manahilsarwar#1971-0018-COL,None,None,1971,1971,None
http://www.manahil.com/manahilsarwar#1971-0127-COL,None,None,1971,1971,None
http://www.manahil.com/manahilsarwar#1971-0019-ECU,None,9.0,1971,1971,9.0
http://www.manahil.com/manahilsarwar#1971-0040-ECU,None,None,1971,1971,None
http://www.manahil.com/manahilsarwar#1971-0010-ESP,None,None,1971,1971,None
http://www.manahil.com/manahilsarwar#1971-0046-ESP,None,None,1971,1971,None
http://www.manahil.com/manahilsarwar#1971-9003-GHA,None,None,1971,1971,None
http://www.manahil.com/manahilsarwar#1971-0041-GUY,None,None,1971,1971,None
http://www.manahil.com/manahilsarwar#1971-0049-HKG,None,17.0,1971,1971,17.0
http://www.manahil.com/manahilsarwar#1971-0100-HKG,None,None,1971,1971,None
http://www.manahil.com/manahilsarwar#1971-0102-HKG,None,None,1971,1971,None
http://www.manahil.com/manahilsarwar#1971-0132-HND,None,9.0,1971,1971,9.0
http://www.manahil.com/manahilsarwar#1971-0058-IND,None,27.0,1971,1971,27.0
http://www.manahil.com/manahilsarwar#1971-0112-IND,None,27.0,1971,1971,27.0
http://www.manahil.com/manahilsarwar#1972-0002-AFG,None,None,1972,1972,None
http://www.manahil.com/manahilsarwar#1972-0014-ARG,None,4.0,1972,1972,4.0
http://www.manahil.com/manahilsarwar#1972-0142-BEL,None,None,1972,1972,None
http://www.manahil.com/manahilsarwar#1972-0026-BGD,None,2.0,1972,1972,2.0
http://www.manahil.com/manahilsarwar#1972-0041-BGD,None,25.0,1972,1972,25.0
http://www.manahil.com/manahilsarwar#1972-0017-BWA,None,19.0,1972,1972,19.0
http://www.manahil.com/manahilsarwar#1972-0018-COL,None,26.0,1972,1972,26.0
http://www.manahil.com/manahilsarwar#1972-0061-DFR,None,12.0,1972,1972,12.0
http://www.manahil.com/manahilsarwar#1972-0060-ESP,None,None,1972,1972,None
http://www.manahil.com/manahilsarwar#1972-0059-FJI,None,24.0,1972,1972,24.0
http://www.manahil.com/manahilsarwar#1972-0144-GBR,None,None,1972,1972,None
http://www.manahil.com/manahilsarwar#1972-0038-HKG,None,18.0,1972,1972,18.0
http://www.manahil.com/manahilsarwar#1972-0097-HKG,None,None,1972,1972,None
http://www.manahil.com/manahilsarwar#1972-0098-HKG,None,None,1972,1972,None
http://www.manahil.com/manahilsarwar#1972-0099-HKG,None,None,1972,1972,None
http://www.manahil.com/manahilsarwar#1972-0100-HKG,None,7.0,1972,1972,7.0
http://www.manahil.com/manahilsarwar#1972-0101-HKG,None,16.0,1972,1972,16.0
http://www.manahil.com/manahilsarwar#1972-9077-HND,None,None,1972,1973,None
http://www.manahil.com/manahilsarwar#1972-0033-HTI,None,20.0,1972,1972,20.0
http://www.manahil.com/manahilsarwar#1972-9131-IDN,None,None,1972,1973,None
http://www.manahil.com/manahilsarwar#1972-0051-IND,None,10.0,1972,1972,10.0
http://www.manahil.com/manahilsarwar#1972-0063-IND,None,1.0,1972,1972,1.0
http://www.manahil.com/manahilsarwar#1972-9116-IND,None,None,1972,1973,None
http://www.manahil.com/manahilsarwar#1973-9005-ETH,None,None,1973,1978,None
http://www.manahil.com/manahilsarwar#1973-0002-ARG,None,1.0,1973,1973,1.0
http://www.manahil.com/manahilsarwar#1973-0051-AUS,None,None,1973,1973,None
http://www.manahil.com/manahilsarwar#1973-0053-BGD,None,9.0,1973,1973,9.0
http://www.manahil.com/manahilsarwar#1973-0023-BGD,None,12.0,1973,1973,12.0
http://www.manahil.com/manahilsarwar#1973-0123-BGD,None,None,1973,1973,None
http://www.manahil.com/manahilsarwar#1973-0125-BGD,None,None,1973,1973,None
http://www.manahil.com/manahilsarwar#1973-0130-BGD,None,None,1973,1973,None
http://www.manahil.com/manahilsarwar#1973-0019-BRA,None,26.0,1973,1973,26.0
http://www.manahil.com/manahilsarwar#1973-0038-CAF,None,12.0,1973,1973,12.0
http://www.manahil.com/manahilsarwar#1973-0043-COL,None,10.0,1973,1973,10.0
http://www.manahil.com/manahilsarwar#1973-0029-COL,None,26.0,1973,1973,26.0
http://www.manahil.com/manahilsarwar#1973-0030-COL,None,28.0,1973,1973,28.0
http://www.manahil.com/manahilsarwar#1973-0024-CRI,02:34,14.0,1973,1973,14.0
http://www.manahil.com/manahilsarwar#1973-9004-CRI,None,None,1973,1973,None
http://www.manahil.com/manahilsarwar#1973-0016-DZA,None,None,1973,1973,None
http://www.manahil.com/manahilsarwar#1973-0126-ECU,None,None,1973,1973,None
http://www.manahil.com/manahilsarwar#1973-0111-ECU,None,None,1973,1973,None
http://www.manahil.com/manahilsarwar#1973-0046-ESP,None,19.0,1973,1973,19.0
http://www.manahil.com/manahilsarwar#1973-0010-ESP,None,17.0,1973,1973,17.0
http://www.manahil.com/manahilsarwar#1973-0021-FJI,None,3.0,1973,1973,3.0
http://www.manahil.com/manahilsarwar#1973-0052-FJI,None,9.0,1973,1973,9.0
http://www.manahil.com/manahilsarwar#1973-0059-GMB,None,None,1973,1973,None
http://www.manahil.com/manahilsarwar#1973-0027-GTM,None,None,1973,1973,None
http://www.manahil.com/manahilsarwar#1973-0103-HKG,None,15.0,1973,1973,15.0
http://www.manahil.com/manahilsarwar#1973-0095-HKG,None,None,1973,1973,None
http://www.manahil.com/manahilsarwar#1973-0096-HKG,None,None,1973,1973,None
http://www.manahil.com/manahilsarwar#1973-0039-HND,None,20.0,1973,1973,20.0
http://www.manahil.com/manahilsarwar#1973-0028-IDN,None,None,1973,1973,None
http://www.manahil.com/manahilsarwar#1973-0009-IND,None,5.0,1973,1973,5.0
http://www.manahil.com/manahilsarwar#1973-0054-IND,None,23.0,1973,1973,23.0
http://www.manahil.com/manahilsarwar#1974-0011-ARG,None,None,1974,1974,None
http://www.manahil.com/manahilsarwar#1974-0061-AUS,None,25.0,1974,1974,25.0
http://www.manahil.com/manahilsarwar#1974-0091-AUS,None,None,1974,1974,None
http://www.manahil.com/manahilsarwar#1974-9100-AUS,None,None,1974,1975,None
http://www.manahil.com/manahilsarwar#1974-0096-AUS,None,None,1974,1974,None
http://www.manahil.com/manahilsarwar#1974-0042-BGD,None,None,1974,1974,None
http://www.manahil.com/manahilsarwar#1974-0059-BGD,None,28.0,1974,1974,28.0
http://www.manahil.com/manahilsarwar#1974-9049-BGD,None,None,1974,1974,None
http://www.manahil.com/manahilsarwar#1974-0034-BGD,None,None,1974,1974,None
http://www.manahil.com/manahilsarwar#1974-0147-BGD,None,None,1974,1974,None
http://www.manahil.com/manahilsarwar#1974-0046-BLZ,None,2.0,1974,1974,2.0
http://www.manahil.com/manahilsarwar#1974-0010-BOL,None,None,1974,1974,None
http://www.manahil.com/manahilsarwar#1974-0024-BRA,None,None,1974,1974,None
http://www.manahil.com/manahilsarwar#1974-0053-BRA,None,23.0,1974,1974,23.0
http://www.manahil.com/manahilsarwar#1974-0127-BRA,None,1.0,1974,1974,1.0
http://www.manahil.com/manahilsarwar#1974-0015-BRA,None,None,1974,1974,None
http://www.manahil.com/manahilsarwar#1974-0133-CAN,None,None,1974,1974,None
http://www.manahil.com/manahilsarwar#1974-0134-CAN,None,None,1974,1974,None
http://www.manahil.com/manahilsarwar#1974-0027-CHL,None,None,1974,1974,None
http://www.manahil.com/manahilsarwar#1974-0025-CHN,02:25,11.0,1974,1974,11.0
http://www.manahil.com/manahilsarwar#1974-0031-COL,None,28.0,1974,1974,28.0
http://www.manahil.com/manahilsarwar#1974-0048-COL,None,29.0,1974,1974,29.0
http://www.manahil.com/manahilsarwar#1974-0009-CSK,None,21.0,1974,1974,21.0
http://www.manahil.com/manahilsarwar#1974-0043-DFR,None,None,1974,1974,None
http://www.manahil.com/manahilsarwar#1974-0017-DZA,None,31.0,1974,1974,31.0
http://www.manahil.com/manahilsarwar#1974-0110-HKG,None,17.0,1974,1974,17.0
http://www.manahil.com/manahilsarwar#1974-0111-HKG,None,28.0,1974,1974,28.0
http://www.manahil.com/manahilsarwar#1974-0114-HKG,None,None,1974,1974,None
http://www.manahil.com/manahilsarwar#1974-0115-HKG,None,None,1974,1974,None
http://www.manahil.com/manahilsarwar#1974-0117-HKG,None,None,1974,1974,None
http://www.manahil.com/manahilsarwar#1974-0047-HND,None,18.0,1974,1974,21.0
http://www.manahil.com/manahilsarwar#1974-9055-HTI,None,None,1974,1974,None
http://www.manahil.com/manahilsarwar#1974-0002-IDN,None,None,1974,1974,None
http://www.manahil.com/manahilsarwar#1974-0045-IND,None,15.0,1974,1974,15.0
http://www.manahil.com/manahilsarwar#1974-0122-IND,None,29.0,1974,1974,29.0
http://www.manahil.com/manahilsarwar#1975-0154-CHN,None,None,1975,1975,None
http://www.manahil.com/manahilsarwar#1975-0023-ARG,None,13.0,1975,1975,13.0
http://www.manahil.com/manahilsarwar#1975-0131-AUS,None,None,1975,1975,None
http://www.manahil.com/manahilsarwar#1975-0102-AUS,None,None,1975,1975,None
http://www.manahil.com/manahilsarwar#1975-0103-AUS,None,None,1975,1975,None
http://www.manahil.com/manahilsarwar#1975-0130-AUS,None,None,1975,1975,None
http://www.manahil.com/manahilsarwar#1975-0026-AUT,None,None,1975,1975,None
http://www.manahil.com/manahilsarwar#1975-0039-BRA,None,None,1975,1975,None
http://www.manahil.com/manahilsarwar#1975-0145-BRA,None,None,1975,1975,None
http://www.manahil.com/manahilsarwar#1975-0068-BRA,None,None,1975,1975,None
http://www.manahil.com/manahilsarwar#1975-0042-BRA,None,18.0,1975,1975,18.0
http://www.manahil.com/manahilsarwar#1975-0020-CAN,None,None,1975,1975,None
http://www.manahil.com/manahilsarwar#1975-0122-CAN,None,25.0,1975,1975,25.0
http://www.manahil.com/manahilsarwar#1975-0024-CHE,None,None,1975,1975,None
http://www.manahil.com/manahilsarwar#1975-0017-CHN,20:06,4.0,1975,1975,4.0
http://www.manahil.com/manahilsarwar#1975-0032-CRI,None,None,1975,1975,None
http://www.manahil.com/manahilsarwar#1975-0041-ECU,None,8.0,1975,1975,8.0
http://www.manahil.com/manahilsarwar#1975-0147-ECU,None,None,1975,1975,None
http://www.manahil.com/manahilsarwar#1975-0019-EGY,None,20.0,1975,1975,20.0
http://www.manahil.com/manahilsarwar#1975-0015-FJI,None,30.0,1975,1975,30.0
http://www.manahil.com/manahilsarwar#1975-0124-GRD,None,None,1975,1975,None
http://www.manahil.com/manahilsarwar#1975-0109-HKG,None,28.0,1975,1975,28.0
http://www.manahil.com/manahilsarwar#1975-0119-HKG,None,12.0,1975,1975,12.0
http://www.manahil.com/manahilsarwar#1975-0107-HKG,None,None,1975,1975,None
http://www.manahil.com/manahilsarwar#1975-0110-HKG,None,30.0,1975,1975,30.0
http://www.manahil.com/manahilsarwar#1975-0112-HKG,None,20.0,1975,1975,20.0
http://www.manahil.com/manahilsarwar#1975-0014-IND,13:32,19.0,1975,1975,19.0
http://www.manahil.com/manahilsarwar#1975-0058-IND,None,24.0,1975,1975,24.0
http://www.manahil.com/manahilsarwar#1975-0121-IND,None,29.0,1975,1975,29.0
http://www.manahil.com/manahilsarwar#1976-0028-AFG,17:33,19.0,1976,1976,19.0
http://www.manahil.com/manahilsarwar#1976-0031-AFG,None,None,1976,1976,None
http://www.manahil.com/manahilsarwar#1976-0128-AUS,None,10.0,1976,1976,10.0
http://www.manahil.com/manahilsarwar#1976-0129-AUS,None,2.0,1976,1976,2.0
http://www.manahil.com/manahilsarwar#1976-0163-AUS,None,None,1976,1976,None
http://www.manahil.com/manahilsarwar#1976-0164-AUS,None,None,1976,1976,None
http://www.manahil.com/manahilsarwar#1976-0165-AUS,None,None,1976,1976,None
http://www.manahil.com/manahilsarwar#1976-9126-AUS,None,None,1976,1976,None
http://www.manahil.com/manahilsarwar#1976-9127-AUS,None,None,1976,1976,None
http://www.manahil.com/manahilsarwar#1976-0067-AUS,None,None,1976,1976,None
http://www.manahil.com/manahilsarwar#1976-0131-AUS,None,10.0,1976,1976,10.0
http://www.manahil.com/manahilsarwar#1976-0177-AUT,None,None,1976,1976,None
http://www.manahil.com/manahilsarwar#1976-9162-BEL,None,None,1976,1976,None
http://www.manahil.com/manahilsarwar#1976-0161-BEL,None,2.0,1976,1976,2.0
http://www.manahil.com/manahilsarwar#1976-0027-BEN,None,None,1976,1976,None
http://www.manahil.com/manahilsarwar#1976-9152-BFA,None,None,1977,1978,None
http://www.manahil.com/manahilsarwar#1976-0034-BGD,None,10.0,1976,1976,10.0
http://www.manahil.com/manahilsarwar#1976-0133-BGD,None,9.0,1976,1976,9.0
http://www.manahil.com/manahilsarwar#1976-0041-BGD,None,15.0,1976,1976,15.0
http://www.manahil.com/manahilsarwar#1976-0149-CAN,None,None,1976,1976,None
http://www.manahil.com/manahilsarwar#1976-0179-CHE,None,None,1976,1976,None
http://www.manahil.com/manahilsarwar#1976-0050-CHN,03:42,28.0,1976,1976,28.0
http://www.manahil.com/manahilsarwar#1976-0055-CHN,None,16.0,1976,1976,16.0
http://www.manahil.com/manahilsarwar#1976-0036-COL,None,2.0,1976,1976,2.0
http://www.manahil.com/manahilsarwar#1976-0187-COL,None,None,1976,1976,None
http://www.manahil.com/manahilsarwar#1976-0070-CRI,None,21.0,1976,1976,21.0
http://www.manahil.com/manahilsarwar#1976-0030-CRI,None,None,1976,1976,None
http://www.manahil.com/manahilsarwar#1976-0026-CUB,None,19.0,1976,1976,19.0
http://www.manahil.com/manahilsarwar#1976-0018-DFR,None,2.0,1976,1976,2.0
http://www.manahil.com/manahilsarwar#1976-0173-DNK,None,2.0,1976,1976,4.0
http://www.manahil.com/manahilsarwar#1976-0033-ECU,02:08,9.0,1976,1976,9.0
http://www.manahil.com/manahilsarwar#1976-0068-ECU,None,4.0,1976,1976,4.0
http://www.manahil.com/manahilsarwar#1976-0077-ECU,None,None,1976,1976,None
http://www.manahil.com/manahilsarwar#1976-0025-ECU,None,11.0,1976,1976,11.0
http://www.manahil.com/manahilsarwar#1976-0032-ETH,None,None,1976,1976,None
http://www.manahil.com/manahilsarwar#1976-0178-FRA,None,None,1976,1976,None
http://www.manahil.com/manahilsarwar#1976-0172-GBR,None,None,1976,1976,None
http://www.manahil.com/manahilsarwar#1976-0058-GLP,None,30.0,1976,1976,30.0
http://www.manahil.com/manahilsarwar#1976-9152-GMB,None,None,1977,1978,None
http://www.manahil.com/manahilsarwar#1976-0024-GTM,03:01,4.0,1976,1976,4.0
http://www.manahil.com/manahilsarwar#1976-0035-GUM,None,None,1976,1976,None
http://www.manahil.com/manahilsarwar#1976-0138-HKG,None,26.0,1976,1976,26.0
http://www.manahil.com/manahilsarwar#1976-0139-HKG,None,22.0,1976,1976,22.0
http://www.manahil.com/manahilsarwar#1976-0141-HKG,None,24.0,1976,1976,24.0
http://www.manahil.com/manahilsarwar#1976-9134-HKG,None,None,1976,1976,None
http://www.manahil.com/manahilsarwar#1976-0137-HKG,None,None,1976,1976,None
http://www.manahil.com/manahilsarwar#1976-0152-HND,None,None,1976,1976,None
http://www.manahil.com/manahilsarwar#1976-0043-IDN,02:18,26.0,1976,1976,26.0
http://www.manahil.com/manahilsarwar#1976-0047-IDN,14:13,14.0,1976,1976,14.0
http://www.manahil.com/manahilsarwar#1976-0071-IDN,09:51,29.0,1976,1976,29.0
http://www.manahil.com/manahilsarwar#1976-0171-IDN,None,None,1976,1976,None
http://www.manahil.com/manahilsarwar#1976-0073-IDN,None,13.0,1976,1976,13.0
http://www.manahil.com/manahilsarwar#1976-0188-IDN,None,None,1976,1976,None
http://www.manahil.com/manahilsarwar#1976-0063-IND,None,8.0,1976,1976,8.0
http://www.manahil.com/manahilsarwar#1976-0074-IND,None,22.0,1976,1976,22.0
http://www.manahil.com/manahilsarwar#1976-0143-IND,None,29.0,1976,1976,29.0
http://www.manahil.com/manahilsarwar#1976-0144-IND,None,3.0,1976,1976,3.0
http://www.manahil.com/manahilsarwar#1976-0146-IND,None,15.0,1976,1976,15.0
http://www.manahil.com/manahilsarwar#1976-0147-IND,None,29.0,1976,1976,29.0
http://www.manahil.com/manahilsarwar#1977-0106-IDN,None,19.0,1977,1977,19.0
http://www.manahil.com/manahilsarwar#1977-9062-GHA,None,None,1977,1977,None
http://www.manahil.com/manahilsarwar#1977-9002-HTI,None,None,1977,1977,None
http://www.manahil.com/manahilsarwar#1977-0137-ARG,06:26,23.0,1977,1977,23.0
http://www.manahil.com/manahilsarwar#1977-0146-ARG,None,None,1977,1977,None
http://www.manahil.com/manahilsarwar#1977-0223-AUS,None,None,1977,1977,None
http://www.manahil.com/manahilsarwar#1977-0225-AUS,None,None,1977,1977,None
http://www.manahil.com/manahilsarwar#1977-0227-AUS,None,None,1977,1977,None
http://www.manahil.com/manahilsarwar#1977-0224-AUS,None,None,1977,1977,None
http://www.manahil.com/manahilsarwar#1977-0226-AUS,None,None,1977,1977,None
http://www.manahil.com/manahilsarwar#1977-0144-BFA,None,None,1977,1977,None
http://www.manahil.com/manahilsarwar#1977-0124-BGD,None,6.0,1977,1977,6.0
http://www.manahil.com/manahilsarwar#1977-0060-BGD,None,24.0,1977,1977,24.0
http://www.manahil.com/manahilsarwar#1977-0109-BGD,None,None,1977,1977,None
http://www.manahil.com/manahilsarwar#1977-0054-BGD,None,1.0,1977,1977,1.0
http://www.manahil.com/manahilsarwar#1977-0110-BGD,None,None,1977,1977,None
http://www.manahil.com/manahilsarwar#1977-0125-BGD,None,13.0,1977,1977,13.0
http://www.manahil.com/manahilsarwar#1977-0048-BGR,None,4.0,1977,1977,4.0
http://www.manahil.com/manahilsarwar#1977-9005-BOL,None,None,1977,1977,None
http://www.manahil.com/manahilsarwar#1977-0036-BOL,None,3.0,1977,1977,3.0
http://www.manahil.com/manahilsarwar#1977-9006-BRA,None,None,1977,1977,None
http://www.manahil.com/manahilsarwar#1977-0061-BRA,None,None,1977,1977,None
http://www.manahil.com/manahilsarwar#1977-0077-BRA,None,17.0,1977,1977,17.0
http://www.manahil.com/manahilsarwar#1977-0105-BRA,None,9.0,1977,1977,9.0
http://www.manahil.com/manahilsarwar#1977-0232-BRA,None,None,1977,1977,None
http://www.manahil.com/manahilsarwar#1977-9294-CAN,None,None,1977,1980,None
http://www.manahil.com/manahilsarwar#1977-0203-CAN,None,28.0,1977,1977,28.0
http://www.manahil.com/manahilsarwar#1977-0209-CHE,None,None,1977,1977,None
http://www.manahil.com/manahilsarwar#1977-0087-CHL,None,20.0,1977,1977,20.0
http://www.manahil.com/manahilsarwar#1977-0069-COL,None,9.0,1977,1977,9.0
http://www.manahil.com/manahilsarwar#1977-0056-COM,None,5.0,1977,1977,5.0
http://www.manahil.com/manahilsarwar#1977-0073-CUB,None,None,1977,1977,None
http://www.manahil.com/manahilsarwar#1977-0120-DJI,None,None,1977,1977,None
http://www.manahil.com/manahilsarwar#1977-0001-ECU,None,1.0,1977,1977,1.0
http://www.manahil.com/manahilsarwar#1977-0030-ETH,None,None,1977,1977,None
http://www.manahil.com/manahilsarwar#1977-0128-ETH,None,None,1977,1977,None
http://www.manahil.com/manahilsarwar#1977-0084-FRA,None,8.0,1977,1977,8.0
http://www.manahil.com/manahilsarwar#1977-0211-GBR,None,None,1977,1977,None
http://www.manahil.com/manahilsarwar#1977-0011-GHA,None,1.0,1977,1977,1.0
http://www.manahil.com/manahilsarwar#1977-0129-GRC,None,1.0,1977,1977,30.0
http://www.manahil.com/manahilsarwar#1977-0198-HKG,None,4.0,1977,1977,4.0
http://www.manahil.com/manahilsarwar#1977-0200-HKG,None,22.0,1977,1977,22.0
http://www.manahil.com/manahilsarwar#1977-9195-HKG,None,None,1977,1977,None
http://www.manahil.com/manahilsarwar#1977-0196-HKG,None,23.0,1977,1977,23.0
http://www.manahil.com/manahilsarwar#1977-0251-IDN,None,27.0,1977,1977,27.0
http://www.manahil.com/manahilsarwar#1977-0091-IDN,None,30.0,1977,1977,30.0
http://www.manahil.com/manahilsarwar#1977-0013-IDN,None,1.0,1977,1977,1.0
http://www.manahil.com/manahilsarwar#1977-0138-IDN,None,None,1977,1977,None
http://www.manahil.com/manahilsarwar#1977-0014-IDN,None,None,1977,1977,None
http://www.manahil.com/manahilsarwar#1977-0043-IDN,None,None,1977,1977,None
http://www.manahil.com/manahilsarwar#1977-0046-IDN,None,None,1977,1977,None
http://www.manahil.com/manahilsarwar#1977-0094-IND,None,None,1977,1977,None
http://www.manahil.com/manahilsarwar#1977-0133-IND,None,12.0,1977,1977,12.0
http://www.manahil.com/manahilsarwar#1977-0201-IND,None,27.0,1977,1977,27.0
http://www.manahil.com/manahilsarwar#1977-0012-IND,None,1.0,1977,1977,1.0
http://www.manahil.com/manahilsarwar#1978-0083-AFG,None,None,1978,1978,None
http://www.manahil.com/manahilsarwar#1978-0004-ARG,None,None,1978,1978,None
http://www.manahil.com/manahilsarwar#1978-0049-AUS,None,None,1978,1978,None
http://www.manahil.com/manahilsarwar#1978-0072-BDI,None,None,1978,1978,None
http://www.manahil.com/manahilsarwar#1978-0053-BEN,None,10.0,1978,1978,10.0
http://www.manahil.com/manahilsarwar#1978-0097-BGD,None,None,1978,1978,None
http://www.manahil.com/manahilsarwar#1978-0061-BGD,None,None,1978,1978,None
http://www.manahil.com/manahilsarwar#1978-0051-BGD,None,9.0,1978,1978,9.0
http://www.manahil.com/manahilsarwar#1978-0068-BGD,None,5.0,1978,1978,5.0
http://www.manahil.com/manahilsarwar#1978-0096-BHR,None,None,1978,1978,None
http://www.manahil.com/manahilsarwar#1978-0030-BOL,None,None,1978,1978,None
http://www.manahil.com/manahilsarwar#1978-0006-BRA,None,None,1978,1978,None
http://www.manahil.com/manahilsarwar#1978-0073-CHL,None,None,1978,1978,None
http://www.manahil.com/manahilsarwar#1978-0034-CUB,None,11.0,1978,1978,11.0
http://www.manahil.com/manahilsarwar#1978-0062-DFR,None,None,1978,1978,None
http://www.manahil.com/manahilsarwar#1978-0029-DJI,None,None,1978,1978,None
http://www.manahil.com/manahilsarwar#1978-0077-ESP,None,None,1978,1978,None
http://www.manahil.com/manahilsarwar#1978-0098-ETH,None,None,1978,1978,None
http://www.manahil.com/manahilsarwar#1978-0032-FJI,None,4.0,1978,1978,4.0
http://www.manahil.com/manahilsarwar#1978-0010-FRA,None,None,1978,1978,None
http://www.manahil.com/manahilsarwar#1978-0081-GRC,22:03,20.0,1978,1978,20.0
http://www.manahil.com/manahilsarwar#1978-0038-IDN,None,None,1978,1978,None
http://www.manahil.com/manahilsarwar#1978-0088-IDN,None,None,1978,1978,None
http://www.manahil.com/manahilsarwar#1978-0014-IDN,None,None,1978,1978,None
http://www.manahil.com/manahilsarwar#1978-0064-IDN,None,None,1978,1978,None
http://www.manahil.com/manahilsarwar#1978-0044-IND,None,17.0,1978,1978,17.0
http://www.manahil.com/manahilsarwar#1978-0055-IND,None,16.0,1978,1978,16.0
http://www.manahil.com/manahilsarwar#1978-0056-IND,None,16.0,1978,1978,16.0
http://www.manahil.com/manahilsarwar#1978-0063-IND,None,None,1978,1978,None
http://www.manahil.com/manahilsarwar#1978-0012-IND,None,1.0,1978,1978,1.0
http://www.manahil.com/manahilsarwar#1978-0074-IND,None,None,1978,1978,None
http://www.manahil.com/manahilsarwar#1900-0003-USA,None,8.0,1900,1900,8.0
http://www.manahil.com/manahilsarwar#1900-0007-JAM,None,13.0,1900,1900,13.0
http://www.manahil.com/manahilsarwar#1900-0006-JAM,None,6.0,1900,1900,6.0
http://www.manahil.com/manahilsarwar#1900-0008-JPN,None,7.0,1900,1900,7.0
http://www.manahil.com/manahilsarwar#1901-0004-JPN,03:33,10.0,1901,1901,10.0
http://www.manahil.com/manahilsarwar#1901-0001-UGA,None,None,1901,1901,None
http://www.manahil.com/manahilsarwar#1902-0008-JPN,None,None,1902,1902,None
http://www.manahil.com/manahilsarwar#1902-0005-MMR,None,4.0,1902,1902,4.0
http://www.manahil.com/manahilsarwar#1902-0006-MTQ,None,8.0,1902,1902,8.0
http://www.manahil.com/manahilsarwar#1902-0011-SUN,09:44,16.0,1902,1902,16.0
http://www.manahil.com/manahilsarwar#1903-0008-JAM,None,10.0,1903,1903,10.0
http://www.manahil.com/manahilsarwar#1903-9001-NER,None,None,1903,1903,None
http://www.manahil.com/manahilsarwar#1903-0007-TUR,02:46,29.0,1903,1903,29.0
http://www.manahil.com/manahilsarwar#1903-0010-USA,None,None,1903,1903,None
http://www.manahil.com/manahilsarwar#1905-0007-JPN,01:21,7.0,1907,1907,7.0
http://www.manahil.com/manahilsarwar#1905-0001-ITA,01:43,8.0,1905,1905,8.0
http://www.manahil.com/manahilsarwar#1905-0004-PHL,None,21.0,1905,1905,21.0
http://www.manahil.com/manahilsarwar#1906-0013-USA,05:12,18.0,1906,1906,18.0
http://www.manahil.com/manahilsarwar#1906-0012-ITA,None,18.0,1906,1906,18.0
http://www.manahil.com/manahilsarwar#1906-9025-NER,None,None,1906,1907,None
http://www.manahil.com/manahilsarwar#1906-0001-TWN,06:42,17.0,1906,1906,17.0
http://www.manahil.com/manahilsarwar#1906-0004-USA,None,None,1906,1906,None
http://www.manahil.com/manahilsarwar#1906-0005-USA,None,None,1906,1906,None
http://www.manahil.com/manahilsarwar#1907-0004-JAM,16:28,14.0,1907,1907,14.0
http://www.manahil.com/manahilsarwar#1908-0007-ITA,05:20,28.0,1908,1908,28.0
http://www.manahil.com/manahilsarwar#1908-0006-ROU,None,6.0,1908,1908,6.0
http://www.manahil.com/manahilsarwar#1909-0007-IRN,16:18,23.0,1909,1909,23.0
http://www.manahil.com/manahilsarwar#1909-0016-JAM,None,4.0,1909,1909,4.0
http://www.manahil.com/manahilsarwar#1909-0014-MAR,None,29.0,1909,1909,29.0
http://www.manahil.com/manahilsarwar#1909-0017-USA,None,22.0,1909,1909,22.0
http://www.manahil.com/manahilsarwar#1909-0003-USA,None,None,1909,1909,None
http://www.manahil.com/manahilsarwar#1909-0004-USA,None,None,1909,1909,None
http://www.manahil.com/manahilsarwar#1910-0019-JPN,None,6.0,1910,1910,6.0
http://www.manahil.com/manahilsarwar#1910-9006-MLI,None,None,1910,1914,None
http://www.manahil.com/manahilsarwar#1910-9006-MRT,None,None,1910,1914,None
http://www.manahil.com/manahilsarwar#1910-9006-NER,None,None,1910,1914,None
http://www.manahil.com/manahilsarwar#1910-9006-SEN,None,None,1910,1914,None
http://www.manahil.com/manahilsarwar#1910-9006-TCD,None,None,1910,1914,None
http://www.manahil.com/manahilsarwar#1910-0003-USA,None,None,1910,1910,None
http://www.manahil.com/manahilsarwar#1911-0001-PHL,None,31.0,1911,1911,31.0
http://www.manahil.com/manahilsarwar#1911-0006-TWN,None,None,1911,1911,None
http://www.manahil.com/manahilsarwar#1912-0006-TUR,04:29,9.0,1912,1912,9.0
http://www.manahil.com/manahilsarwar#1912-0011-JAM,None,18.0,1912,1912,18.0
http://www.manahil.com/manahilsarwar#1912-0008-JPN,None,None,1912,1912,None
http://www.manahil.com/manahilsarwar#1912-0010-PHL,None,None,1912,1912,None
http://www.manahil.com/manahilsarwar#1913-0002-NER,None,None,1913,1913,None
http://www.manahil.com/manahilsarwar#1913-0009-PER,16:33,4.0,1913,1913,4.0
http://www.manahil.com/manahilsarwar#1913-0008-ROU,12:33,14.0,1913,1913,14.0
http://www.manahil.com/manahilsarwar#1913-0005-USA,None,None,1913,1913,None
http://www.manahil.com/manahilsarwar#1914-0025-JPN,05:00,16.0,1914,1914,16.0
http://www.manahil.com/manahilsarwar#1914-0002-JPN,None,3.0,1914,1914,3.0
http://www.manahil.com/manahilsarwar#1914-0001-TKL,None,None,1914,1914,None
http://www.manahil.com/manahilsarwar#1915-0002-ITA,07:52,13.0,1915,1915,13.0
http://www.manahil.com/manahilsarwar#1915-0004-USA,20:56,22.0,1915,1915,22.0
http://www.manahil.com/manahilsarwar#1915-0005-USA,None,None,1915,1915,None
http://www.manahil.com/manahilsarwar#1917-0006-JAM,None,22.0,1917,1917,22.0
http://www.manahil.com/manahilsarwar#1917-0005-JPN,None,None,1917,1917,None
http://www.manahil.com/manahilsarwar#1917-0002-SUN,None,None,1917,1917,None
http://www.manahil.com/manahilsarwar#1918-0011-PHL,20:18,15.0,1918,1918,15.0
http://www.manahil.com/manahilsarwar#1918-0008-PRI,10:14,11.0,1918,1918,11.0
http://www.manahil.com/manahilsarwar#1918-0019-NZL,None,None,1918,1918,None
http://www.manahil.com/manahilsarwar#1918-0003-USA,None,None,1918,1918,None
http://www.manahil.com/manahilsarwar#1918-0007-USA,None,15.0,1918,1918,15.0
http://www.manahil.com/manahilsarwar#1919-0002-USA,None,None,1919,1919,None
http://www.manahil.com/manahilsarwar#1920-0014-ITA,06:55,7.0,1920,1920,7.0
http://www.manahil.com/manahilsarwar#1920-0016-USA,None,20.0,1920,1920,20.0
http://www.manahil.com/manahilsarwar#1921-9001-SUN,None,None,1921,1921,None
http://www.manahil.com/manahilsarwar#1922-0002-ITA,None,11.0,1922,1922,11.0
http://www.manahil.com/manahilsarwar#1923-0006-JPN,11:58,1.0,1923,1923,1.0
http://www.manahil.com/manahilsarwar#1923-0020-IRN,01:51,26.0,1923,1923,26.0
http://www.manahil.com/manahilsarwar#1923-0015-JAM,None,22.0,1923,1923,22.0
http://www.manahil.com/manahilsarwar#1923-0007-JPN,None,1.0,1923,1923,1.0
http://www.manahil.com/manahilsarwar#1923-0009-JPN,None,None,1923,1923,None
http://www.manahil.com/manahilsarwar#1923-0004-MMR,None,7.0,1923,1923,7.0
http://www.manahil.com/manahilsarwar#1923-0002-NER,None,None,1923,1923,None
http://www.manahil.com/manahilsarwar#1923-0005-SUN,None,10.0,1923,1923,10.0
http://www.manahil.com/manahilsarwar#1923-0001-SUN,None,None,1923,1923,None
http://www.manahil.com/manahilsarwar#1924-0002-TWN,None,None,1924,1924,None
http://www.manahil.com/manahilsarwar#1925-0006-TKL,None,None,1925,1925,None
http://www.manahil.com/manahilsarwar#1925-0001-USA,None,17.0,1925,1925,18.0
http://www.manahil.com/manahilsarwar#1925-0005-USA,None,29.0,1925,1925,29.0
http://www.manahil.com/manahilsarwar#1926-0019-JPN,None,None,1926,1926,None
http://www.manahil.com/manahilsarwar#1926-0005-MMR,None,19.0,1926,1926,19.0
http://www.manahil.com/manahilsarwar#1926-0010-PAK,None,1.0,1926,1926,1.0
http://www.manahil.com/manahilsarwar#1926-0002-ROU,None,None,1926,1926,None
http://www.manahil.com/manahilsarwar#1926-0003-USA,None,None,1926,1926,None
http://www.manahil.com/manahilsarwar#1926-0011-USA,None,None,1926,1926,None
http://www.manahil.com/manahilsarwar#1927-0007-JOR,16:04,11.0,1927,1927,11.0
http://www.manahil.com/manahilsarwar#1927-0004-JPN,18:27,7.0,1927,1927,7.0
http://www.manahil.com/manahilsarwar#1927-0010-USA,None,None,1927,1927,None
http://www.manahil.com/manahilsarwar#1928-0017-KNA,None,13.0,1928,1928,13.0
http://www.manahil.com/manahilsarwar#1928-0016-MSR,None,12.0,1928,1928,12.0
http://www.manahil.com/manahilsarwar#1928-0010-POL,None,6.0,1928,1928,6.0
http://www.manahil.com/manahilsarwar#1928-0013-PRI,None,None,1928,1928,None
http://www.manahil.com/manahilsarwar#1928-0009-ROU,None,1.0,1928,1928,1.0
http://www.manahil.com/manahilsarwar#1928-0006-ROU,None,14.0,1928,1928,14.0
http://www.manahil.com/manahilsarwar#1928-0005-TUR,None,30.0,1928,1928,30.0
http://www.manahil.com/manahilsarwar#1928-0014-USA,None,None,1928,1928,None
http://www.manahil.com/manahilsarwar#1929-0013-NZL,10:47,17.0,1929,1929,17.0
http://www.manahil.com/manahilsarwar#1929-0012-IRN,19:07,1.0,1929,1929,1.0
http://www.manahil.com/manahilsarwar#1929-0001-MEX,None,10.0,1929,1929,10.0
http://www.manahil.com/manahilsarwar#1930-0006-MMR,20:15,5.0,1930,1930,5.0
http://www.manahil.com/manahilsarwar#1930-0025-IRN,19:34,6.0,1930,1930,6.0
http://www.manahil.com/manahilsarwar#1930-0008-ITA,02:08,23.0,1930,1930,23.0
http://www.manahil.com/manahilsarwar#1930-0012-JPN,04:02,26.0,1930,1930,26.0
http://www.manahil.com/manahilsarwar#1930-0017-MMR,01:21,4.0,1930,1930,4.0
http://www.manahil.com/manahilsarwar#1930-0002-NER,None,None,1930,1930,None
http://www.manahil.com/manahilsarwar#1931-0001-NIC,10:16,31.0,1931,1931,31.0
http://www.manahil.com/manahilsarwar#1931-0004-NZL,10:47,3.0,1931,1931,3.0
http://www.manahil.com/manahilsarwar#1931-0008-PHL,None,7.0,1931,1931,7.0
http://www.manahil.com/manahilsarwar#1931-0011-SLB,06:13,4.0,1931,1931,4.0
http://www.manahil.com/manahilsarwar#1932-0008-JAM,None,None,1932,1932,None
http://www.manahil.com/manahilsarwar#1932-0003-PHL,None,29.0,1932,1932,29.0
http://www.manahil.com/manahilsarwar#1932-0005-PRI,None,None,1932,1932,None
http://www.manahil.com/manahilsarwar#1932-0014-USA,None,21.0,1932,1932,21.0
http://www.manahil.com/manahilsarwar#1932-0002-USA,None,None,1932,1932,None
http://www.manahil.com/manahilsarwar#1933-0007-USA,17:54,10.0,1933,1933,10.0
http://www.manahil.com/manahilsarwar#1933-0002-JAM,None,None,1933,1933,None
http://www.manahil.com/manahilsarwar#1933-0009-JAM,None,29.0,1933,1933,29.0
http://www.manahil.com/manahilsarwar#1933-0001-JPN,02:1,3.0,1933,1933,3.0
http://www.manahil.com/manahilsarwar#1933-0008-TTO,None,27.0,1933,1933,27.0
http://www.manahil.com/manahilsarwar#1933-0004-USA,None,None,1933,1933,None
http://www.manahil.com/manahilsarwar#1934-0008-JPN,None,21.0,1934,1934,21.0
http://www.manahil.com/manahilsarwar#1934-0010-PHL,None,15.0,1934,1934,15.0
http://www.manahil.com/manahilsarwar#1934-0011-PHL,None,10.0,1934,1934,10.0
http://www.manahil.com/manahilsarwar#1934-0006-ROU,None,29.0,1934,1934,29.0
http://www.manahil.com/manahilsarwar#1934-0007-SLV,None,8.0,1934,1934,8.0
http://www.manahil.com/manahilsarwar#1935-0005-PAK,03.02,31.0,1935,1935,31.0
http://www.manahil.com/manahilsarwar#1935-0010-JAM,None,19.0,1935,1935,19.0
http://www.manahil.com/manahilsarwar#1935-0003-TWN,None,21.0,1935,1935,21.0
http://www.manahil.com/manahilsarwar#1935-0006-TWN,None,17.0,1935,1935,17.0
http://www.manahil.com/manahilsarwar#1935-0001-UGA,None,None,1935,1935,None
http://www.manahil.com/manahilsarwar#1935-0007-USA,None,None,1935,1935,None
http://www.manahil.com/manahilsarwar#1936-0007-KOR,None,28.0,1936,1936,28.0
http://www.manahil.com/manahilsarwar#1936-0004-MMR,None,21.0,1936,1936,21.0
http://www.manahil.com/manahilsarwar#1936-0001-NOR,None,None,1936,1936,None
http://www.manahil.com/manahilsarwar#1936-0008-PHL,None,5.0,1936,1936,5.0
http://www.manahil.com/manahilsarwar#1936-0003-USA,None,5.0,1936,1936,5.0
http://www.manahil.com/manahilsarwar#1936-0005-USA,None,None,1936,1936,None
http://www.manahil.com/manahilsarwar#1937-0010-JAM,None,30.0,1937,1937,30.0
