disaster,continent
http://www.manahil.com/manahilsarwar#1900-9001-IND,Asia
http://www.manahil.com/manahilsarwar#1904-0003-BGD,Asia
http://www.manahil.com/manahilsarwar#1905-0003-IND,Asia
http://www.manahil.com/manahilsarwar#1906-0015-HKG,Asia
http://www.manahil.com/manahilsarwar#1907-0006-CHN,Asia
http://www.manahil.com/manahilsarwar#1907-0001-IND,Asia
http://www.manahil.com/manahilsarwar#1909-0010-BGD,Asia
http://www.manahil.com/manahilsarwar#1909-0013-BGD,Asia
http://www.manahil.com/manahilsarwar#1909-0001-CHN,Asia
http://www.manahil.com/manahilsarwar#1909-0002-IDN,Asia
http://www.manahil.com/manahilsarwar#1910-0001-CHN,Asia
http://www.manahil.com/manahilsarwar#1911-0004-BGD,Asia
http://www.manahil.com/manahilsarwar#1911-0002-CHN,Asia
http://www.manahil.com/manahilsarwar#1912-0005-CHN,Asia
http://www.manahil.com/manahilsarwar#1914-0022-IDN,Asia
http://www.manahil.com/manahilsarwar#1915-0011-CHN,Asia
http://www.manahil.com/manahilsarwar#1916-0004-IND,Asia
http://www.manahil.com/manahilsarwar#1917-0014-CHN,Asia
http://www.manahil.com/manahilsarwar#1917-0013-CHN,Asia
http://www.manahil.com/manahilsarwar#1917-0003-IDN,Asia
http://www.manahil.com/manahilsarwar#1918-0020-CHN,Asia
http://www.manahil.com/manahilsarwar#1918-0001-BGD,Asia
http://www.manahil.com/manahilsarwar#1919-0003-BGD,Asia
http://www.manahil.com/manahilsarwar#1919-0001-IDN,Asia
http://www.manahil.com/manahilsarwar#1920-0007-CHN,Asia
http://www.manahil.com/manahilsarwar#1920-9003-CHN,Asia
http://www.manahil.com/manahilsarwar#1920-0001-IND,Asia
http://www.manahil.com/manahilsarwar#1920-0002-IND,Asia
http://www.manahil.com/manahilsarwar#1922-0003-BGD,Asia
http://www.manahil.com/manahilsarwar#1922-0004-CHN,Asia
http://www.manahil.com/manahilsarwar#1923-0003-BGD,Asia
http://www.manahil.com/manahilsarwar#1923-0019-CHN,Asia
http://www.manahil.com/manahilsarwar#1923-0018-HKG,Asia
http://www.manahil.com/manahilsarwar#1924-0007-IDN,Asia
http://www.manahil.com/manahilsarwar#1924-0003-IND,Asia
http://www.manahil.com/manahilsarwar#1924-0001-IND,Asia
http://www.manahil.com/manahilsarwar#1925-0002-CHN,Asia
http://www.manahil.com/manahilsarwar#1925-0004-IND,Asia
http://www.manahil.com/manahilsarwar#1926-0004-BGD,Asia
http://www.manahil.com/manahilsarwar#1926-0008-IND,Asia
http://www.manahil.com/manahilsarwar#1926-0001-IND,Asia
http://www.manahil.com/manahilsarwar#1927-0014-IDN,Asia
http://www.manahil.com/manahilsarwar#1927-0006-CHN,Asia
http://www.manahil.com/manahilsarwar#1927-0009-CHN,Asia
http://www.manahil.com/manahilsarwar#1927-0008-IND,Asia
http://www.manahil.com/manahilsarwar#1927-0011-IND,Asia
http://www.manahil.com/manahilsarwar#1928-9002-CHN,Asia
http://www.manahil.com/manahilsarwar#1928-0012-IDN,Asia
http://www.manahil.com/manahilsarwar#1928-0018-IND,Asia
http://www.manahil.com/manahilsarwar#1930-0003-IDN,Asia
http://www.manahil.com/manahilsarwar#1931-0007-CHN,Asia
http://www.manahil.com/manahilsarwar#1931-0012-IDN,Asia
http://www.manahil.com/manahilsarwar#1932-0009-IDN,Asia
http://www.manahil.com/manahilsarwar#1933-0021-CHN,Asia
http://www.manahil.com/manahilsarwar#1933-0013-CHN,Asia
http://www.manahil.com/manahilsarwar#1934-0005-CHN,Asia
http://www.manahil.com/manahilsarwar#1935-0019-CHN,Asia
http://www.manahil.com/manahilsarwar#1935-0015-IND,Asia
http://www.manahil.com/manahilsarwar#1935-0014-IND,Asia
http://www.manahil.com/manahilsarwar#1936-0015-IDN,Asia
http://www.manahil.com/manahilsarwar#1936-0011-IDN,Asia
http://www.manahil.com/manahilsarwar#1936-0009-IND,Asia
http://www.manahil.com/manahilsarwar#1937-0006-BGD,Asia
http://www.manahil.com/manahilsarwar#1937-0011-HKG,Asia
http://www.manahil.com/manahilsarwar#1938-0009-IDN,Asia
http://www.manahil.com/manahilsarwar#1939-0006-CHN,Asia
http://www.manahil.com/manahilsarwar#1941-0003-BGD,Asia
http://www.manahil.com/manahilsarwar#1942-9003-IND,Asia
http://www.manahil.com/manahilsarwar#1942-0008-BGD,Asia
http://www.manahil.com/manahilsarwar#1942-0021-CHN,Asia
http://www.manahil.com/manahilsarwar#1942-0009-IND,Asia
http://www.manahil.com/manahilsarwar#1943-9002-BGD,Asia
http://www.manahil.com/manahilsarwar#1943-0024-IDN,Asia
http://www.manahil.com/manahilsarwar#1943-0011-IND,Asia
http://www.manahil.com/manahilsarwar#1943-0012-IND,Asia
http://www.manahil.com/manahilsarwar#1944-0006-IND,Asia
http://www.manahil.com/manahilsarwar#1945-0005-IND,Asia
http://www.manahil.com/manahilsarwar#1947-0012-BGD,Asia
http://www.manahil.com/manahilsarwar#1947-9005-BGD,Asia
http://www.manahil.com/manahilsarwar#1947-0011-HKG,Asia
http://www.manahil.com/manahilsarwar#1948-0022-CHN,Asia
http://www.manahil.com/manahilsarwar#1948-0024-CHN,Asia
http://www.manahil.com/manahilsarwar#1948-0020-CHN,Asia
http://www.manahil.com/manahilsarwar#1948-0008-IND,Asia
http://www.manahil.com/manahilsarwar#1949-0025-CHN,Asia
http://www.manahil.com/manahilsarwar#1949-0013-IND,Asia
http://www.manahil.com/manahilsarwar#1950-0008-IND,Asia
http://www.manahil.com/manahilsarwar#1950-0007-CHN,Asia
http://www.manahil.com/manahilsarwar#1950-0006-IND,Asia
http://www.manahil.com/manahilsarwar#1950-0011-IND,Asia
http://www.manahil.com/manahilsarwar#1950-0026-IND,Asia
http://www.manahil.com/manahilsarwar#1951-0036-BGD,Asia
http://www.manahil.com/manahilsarwar#1951-0018-CHN,Asia
http://www.manahil.com/manahilsarwar#1951-0002-IDN,Asia
http://www.manahil.com/manahilsarwar#1952-0011-IND,Asia
http://www.manahil.com/manahilsarwar#1952-0025-IND,Asia
http://www.manahil.com/manahilsarwar#1953-0054-CYP,Asia
http://www.manahil.com/manahilsarwar#1953-0038-IDN,Asia
http://www.manahil.com/manahilsarwar#1953-0042-IND,Asia
http://www.manahil.com/manahilsarwar#1953-0045-IND,Asia
http://www.manahil.com/manahilsarwar#1954-0009-AFG,Asia
http://www.manahil.com/manahilsarwar#1954-0010-CHN,Asia
http://www.manahil.com/manahilsarwar#1954-0014-CHN,Asia
http://www.manahil.com/manahilsarwar#1954-0042-IDN,Asia
http://www.manahil.com/manahilsarwar#1954-0043-IND,Asia
http://www.manahil.com/manahilsarwar#1955-0015-IND,Asia
http://www.manahil.com/manahilsarwar#1955-0038-CHN,Asia
http://www.manahil.com/manahilsarwar#1955-0040-IDN,Asia
http://www.manahil.com/manahilsarwar#1955-0019-IND,Asia
http://www.manahil.com/manahilsarwar#1955-0049-IND,Asia
http://www.manahil.com/manahilsarwar#1956-0008-AFG,Asia
http://www.manahil.com/manahilsarwar#1956-0039-AFG,Asia
http://www.manahil.com/manahilsarwar#1956-0013-CHN,Asia
http://www.manahil.com/manahilsarwar#1956-0001-CHN,Asia
http://www.manahil.com/manahilsarwar#1956-0051-IDN,Asia
http://www.manahil.com/manahilsarwar#1956-0038-IND,Asia
http://www.manahil.com/manahilsarwar#1956-0047-IND,Asia
http://www.manahil.com/manahilsarwar#1956-0007-IND,Asia
http://www.manahil.com/manahilsarwar#1956-0012-IND,Asia
http://www.manahil.com/manahilsarwar#1956-0016-IND,Asia
http://www.manahil.com/manahilsarwar#1956-0046-IND,Asia
http://www.manahil.com/manahilsarwar#1957-0033-CHN,Asia
http://www.manahil.com/manahilsarwar#1957-0021-HKG,Asia
http://www.manahil.com/manahilsarwar#1958-0008-BGD,Asia
http://www.manahil.com/manahilsarwar#1958-0014-BGD,Asia
http://www.manahil.com/manahilsarwar#1958-0024-IDN,Asia
http://www.manahil.com/manahilsarwar#1958-0033-IND,Asia
http://www.manahil.com/manahilsarwar#1958-0031-IND,Asia
http://www.manahil.com/manahilsarwar#1959-0006-CHN,Asia
http://www.manahil.com/manahilsarwar#1959-0009-CHN,Asia
http://www.manahil.com/manahilsarwar#1959-0011-CHN,Asia
http://www.manahil.com/manahilsarwar#1959-0034-CHN,Asia
http://www.manahil.com/manahilsarwar#1959-0033-HKG,Asia
http://www.manahil.com/manahilsarwar#1960-0030-BGD,Asia
http://www.manahil.com/manahilsarwar#1960-0031-BGD,Asia
http://www.manahil.com/manahilsarwar#1960-0001-BGD,Asia
http://www.manahil.com/manahilsarwar#1960-0042-HKG,Asia
http://www.manahil.com/manahilsarwar#1960-9039-HKG,Asia
http://www.manahil.com/manahilsarwar#1960-0040-HKG,Asia
http://www.manahil.com/manahilsarwar#1961-0004-BGD,Asia
http://www.manahil.com/manahilsarwar#1961-0005-BGD,Asia
http://www.manahil.com/manahilsarwar#1961-0046-BGD,Asia
http://www.manahil.com/manahilsarwar#1961-0037-HKG,Asia
http://www.manahil.com/manahilsarwar#1961-0030-HKG,Asia
http://www.manahil.com/manahilsarwar#1961-0055-IND,Asia
http://www.manahil.com/manahilsarwar#1962-0015-HKG,Asia
http://www.manahil.com/manahilsarwar#1963-0065-AFG,Asia
http://www.manahil.com/manahilsarwar#1963-0013-BGD,Asia
http://www.manahil.com/manahilsarwar#1963-0079-BGD,Asia
http://www.manahil.com/manahilsarwar#1963-0069-BGD,Asia
http://www.manahil.com/manahilsarwar#1963-0008-IDN,Asia
http://www.manahil.com/manahilsarwar#1963-0066-IDN,Asia
http://www.manahil.com/manahilsarwar#1963-0064-IND,Asia
http://www.manahil.com/manahilsarwar#1964-9044-IND,Asia
http://www.manahil.com/manahilsarwar#1964-0024-BGD,Asia
http://www.manahil.com/manahilsarwar#1964-0039-BGD,Asia
http://www.manahil.com/manahilsarwar#1964-0098-CHN,Asia
http://www.manahil.com/manahilsarwar#1964-0082-HKG,Asia
http://www.manahil.com/manahilsarwar#1964-0085-HKG,Asia
http://www.manahil.com/manahilsarwar#1964-0068-IND,Asia
http://www.manahil.com/manahilsarwar#1964-9009-IND,Asia
http://www.manahil.com/manahilsarwar#1965-0093-IDN,Asia
http://www.manahil.com/manahilsarwar#1965-9073-IND,Asia
http://www.manahil.com/manahilsarwar#1965-0028-BGD,Asia
http://www.manahil.com/manahilsarwar#1965-0034-BGD,Asia
http://www.manahil.com/manahilsarwar#1965-0068-BGD,Asia
http://www.manahil.com/manahilsarwar#1965-9080-CHN,Asia
http://www.manahil.com/manahilsarwar#1965-0085-HKG,Asia
http://www.manahil.com/manahilsarwar#1965-0096-IND,Asia
http://www.manahil.com/manahilsarwar#1966-9004-IDN,Asia
http://www.manahil.com/manahilsarwar#1966-0077-BGD,Asia
http://www.manahil.com/manahilsarwar#1966-0047-BGD,Asia
http://www.manahil.com/manahilsarwar#1966-0105-HKG,Asia
http://www.manahil.com/manahilsarwar#1966-0010-HKG,Asia
http://www.manahil.com/manahilsarwar#1966-9107-HKG,Asia
http://www.manahil.com/manahilsarwar#1966-0050-HKG,Asia
http://www.manahil.com/manahilsarwar#1966-0041-IDN,Asia
http://www.manahil.com/manahilsarwar#1966-0061-IDN,Asia
http://www.manahil.com/manahilsarwar#1966-0036-IDN,Asia
http://www.manahil.com/manahilsarwar#1966-0085-IND,Asia
http://www.manahil.com/manahilsarwar#1967-0101-IDN,Asia
http://www.manahil.com/manahilsarwar#1967-0034-BGD,Asia
http://www.manahil.com/manahilsarwar#1967-0062-BGD,Asia
http://www.manahil.com/manahilsarwar#1967-0096-HKG,Asia
http://www.manahil.com/manahilsarwar#1967-0095-HKG,Asia
http://www.manahil.com/manahilsarwar#1967-0102-IDN,Asia
http://www.manahil.com/manahilsarwar#1967-0007-IDN,Asia
http://www.manahil.com/manahilsarwar#1967-0013-IDN,Asia
http://www.manahil.com/manahilsarwar#1967-0038-IDN,Asia
http://www.manahil.com/manahilsarwar#1967-0076-IDN,Asia
http://www.manahil.com/manahilsarwar#1967-0077-IND,Asia
http://www.manahil.com/manahilsarwar#1967-0063-IND,Asia
http://www.manahil.com/manahilsarwar#1967-0004-IND,Asia
http://www.manahil.com/manahilsarwar#1968-0040-BGD,Asia
http://www.manahil.com/manahilsarwar#1968-0054-BGD,Asia
http://www.manahil.com/manahilsarwar#1968-0112-HKG,Asia
http://www.manahil.com/manahilsarwar#1968-0067-HKG,Asia
http://www.manahil.com/manahilsarwar#1968-0106-HKG,Asia
http://www.manahil.com/manahilsarwar#1968-0108-HKG,Asia
http://www.manahil.com/manahilsarwar#1968-0064-IDN,Asia
http://www.manahil.com/manahilsarwar#1968-0003-IDN,Asia
http://www.manahil.com/manahilsarwar#1968-0038-IDN,Asia
http://www.manahil.com/manahilsarwar#1968-0055-IND,Asia
http://www.manahil.com/manahilsarwar#1968-0074-IND,Asia
http://www.manahil.com/manahilsarwar#1968-0084-IND,Asia
http://www.manahil.com/manahilsarwar#1969-9007-AFG,Asia
http://www.manahil.com/manahilsarwar#1969-0065-BGD,Asia
http://www.manahil.com/manahilsarwar#1969-0082-CHN,Asia
http://www.manahil.com/manahilsarwar#1969-0066-CHN,Asia
http://www.manahil.com/manahilsarwar#1969-0112-CYP,Asia
http://www.manahil.com/manahilsarwar#1969-0131-HKG,Asia
http://www.manahil.com/manahilsarwar#1969-0129-HKG,Asia
http://www.manahil.com/manahilsarwar#1969-0130-HKG,Asia
http://www.manahil.com/manahilsarwar#1969-0133-HKG,Asia
http://www.manahil.com/manahilsarwar#1969-0052-IDN,Asia
http://www.manahil.com/manahilsarwar#1969-0014-IDN,Asia
http://www.manahil.com/manahilsarwar#1969-0071-IND,Asia
http://www.manahil.com/manahilsarwar#1969-0109-IND,Asia
http://www.manahil.com/manahilsarwar#1970-0063-BGD,Asia
http://www.manahil.com/manahilsarwar#1970-0026-BGD,Asia
http://www.manahil.com/manahilsarwar#1970-0035-BGD,Asia
http://www.manahil.com/manahilsarwar#1970-0058-BGD,Asia
http://www.manahil.com/manahilsarwar#1970-0010-CHN,Asia
http://www.manahil.com/manahilsarwar#1970-0090-CHN,Asia
http://www.manahil.com/manahilsarwar#1970-0006-CYP,Asia
http://www.manahil.com/manahilsarwar#1970-0099-HKG,Asia
http://www.manahil.com/manahilsarwar#1970-0093-HKG,Asia
http://www.manahil.com/manahilsarwar#1970-0094-HKG,Asia
http://www.manahil.com/manahilsarwar#1970-0097-HKG,Asia
http://www.manahil.com/manahilsarwar#1970-0129-IDN,Asia
http://www.manahil.com/manahilsarwar#1970-0112-IND,Asia
http://www.manahil.com/manahilsarwar#1971-0044-AFG,Asia
http://www.manahil.com/manahilsarwar#1971-9085-AFG,Asia
http://www.manahil.com/manahilsarwar#1971-0032-BGD,Asia
http://www.manahil.com/manahilsarwar#1971-0049-HKG,Asia
http://www.manahil.com/manahilsarwar#1971-0100-HKG,Asia
http://www.manahil.com/manahilsarwar#1971-0102-HKG,Asia
http://www.manahil.com/manahilsarwar#1971-0058-IND,Asia
http://www.manahil.com/manahilsarwar#1971-0112-IND,Asia
http://www.manahil.com/manahilsarwar#1972-0002-AFG,Asia
http://www.manahil.com/manahilsarwar#1972-0026-BGD,Asia
http://www.manahil.com/manahilsarwar#1972-0041-BGD,Asia
http://www.manahil.com/manahilsarwar#1972-0038-HKG,Asia
http://www.manahil.com/manahilsarwar#1972-0097-HKG,Asia
http://www.manahil.com/manahilsarwar#1972-0098-HKG,Asia
http://www.manahil.com/manahilsarwar#1972-0099-HKG,Asia
http://www.manahil.com/manahilsarwar#1972-0100-HKG,Asia
http://www.manahil.com/manahilsarwar#1972-0101-HKG,Asia
http://www.manahil.com/manahilsarwar#1972-9131-IDN,Asia
http://www.manahil.com/manahilsarwar#1972-0051-IND,Asia
http://www.manahil.com/manahilsarwar#1972-0063-IND,Asia
http://www.manahil.com/manahilsarwar#1972-9116-IND,Asia
http://www.manahil.com/manahilsarwar#1973-0053-BGD,Asia
http://www.manahil.com/manahilsarwar#1973-0023-BGD,Asia
http://www.manahil.com/manahilsarwar#1973-0123-BGD,Asia
http://www.manahil.com/manahilsarwar#1973-0125-BGD,Asia
http://www.manahil.com/manahilsarwar#1973-0130-BGD,Asia
http://www.manahil.com/manahilsarwar#1973-0103-HKG,Asia
http://www.manahil.com/manahilsarwar#1973-0095-HKG,Asia
http://www.manahil.com/manahilsarwar#1973-0096-HKG,Asia
http://www.manahil.com/manahilsarwar#1973-0028-IDN,Asia
http://www.manahil.com/manahilsarwar#1973-0009-IND,Asia
http://www.manahil.com/manahilsarwar#1973-0054-IND,Asia
http://www.manahil.com/manahilsarwar#1974-0042-BGD,Asia
http://www.manahil.com/manahilsarwar#1974-0059-BGD,Asia
http://www.manahil.com/manahilsarwar#1974-9049-BGD,Asia
http://www.manahil.com/manahilsarwar#1974-0034-BGD,Asia
http://www.manahil.com/manahilsarwar#1974-0147-BGD,Asia
http://www.manahil.com/manahilsarwar#1974-0025-CHN,Asia
http://www.manahil.com/manahilsarwar#1974-0110-HKG,Asia
http://www.manahil.com/manahilsarwar#1974-0111-HKG,Asia
http://www.manahil.com/manahilsarwar#1974-0114-HKG,Asia
http://www.manahil.com/manahilsarwar#1974-0115-HKG,Asia
http://www.manahil.com/manahilsarwar#1974-0117-HKG,Asia
http://www.manahil.com/manahilsarwar#1974-0002-IDN,Asia
http://www.manahil.com/manahilsarwar#1974-0045-IND,Asia
http://www.manahil.com/manahilsarwar#1974-0122-IND,Asia
http://www.manahil.com/manahilsarwar#1975-0154-CHN,Asia
http://www.manahil.com/manahilsarwar#1975-0017-CHN,Asia
http://www.manahil.com/manahilsarwar#1975-0109-HKG,Asia
http://www.manahil.com/manahilsarwar#1975-0119-HKG,Asia
http://www.manahil.com/manahilsarwar#1975-0107-HKG,Asia
http://www.manahil.com/manahilsarwar#1975-0110-HKG,Asia
http://www.manahil.com/manahilsarwar#1975-0112-HKG,Asia
http://www.manahil.com/manahilsarwar#1975-0014-IND,Asia
http://www.manahil.com/manahilsarwar#1975-0058-IND,Asia
http://www.manahil.com/manahilsarwar#1975-0121-IND,Asia
http://www.manahil.com/manahilsarwar#1976-0028-AFG,Asia
http://www.manahil.com/manahilsarwar#1976-0031-AFG,Asia
http://www.manahil.com/manahilsarwar#1976-0034-BGD,Asia
http://www.manahil.com/manahilsarwar#1976-0133-BGD,Asia
http://www.manahil.com/manahilsarwar#1976-0041-BGD,Asia
http://www.manahil.com/manahilsarwar#1976-0050-CHN,Asia
http://www.manahil.com/manahilsarwar#1976-0055-CHN,Asia
http://www.manahil.com/manahilsarwar#1976-0138-HKG,Asia
http://www.manahil.com/manahilsarwar#1976-0139-HKG,Asia
http://www.manahil.com/manahilsarwar#1976-0141-HKG,Asia
http://www.manahil.com/manahilsarwar#1976-9134-HKG,Asia
http://www.manahil.com/manahilsarwar#1976-0137-HKG,Asia
http://www.manahil.com/manahilsarwar#1976-0043-IDN,Asia
http://www.manahil.com/manahilsarwar#1976-0047-IDN,Asia
http://www.manahil.com/manahilsarwar#1976-0071-IDN,Asia
http://www.manahil.com/manahilsarwar#1976-0171-IDN,Asia
http://www.manahil.com/manahilsarwar#1976-0073-IDN,Asia
http://www.manahil.com/manahilsarwar#1976-0188-IDN,Asia
http://www.manahil.com/manahilsarwar#1976-0063-IND,Asia
http://www.manahil.com/manahilsarwar#1976-0074-IND,Asia
http://www.manahil.com/manahilsarwar#1976-0143-IND,Asia
http://www.manahil.com/manahilsarwar#1976-0144-IND,Asia
http://www.manahil.com/manahilsarwar#1976-0146-IND,Asia
http://www.manahil.com/manahilsarwar#1976-0147-IND,Asia
http://www.manahil.com/manahilsarwar#1977-0106-IDN,Asia
http://www.manahil.com/manahilsarwar#1977-0124-BGD,Asia
http://www.manahil.com/manahilsarwar#1977-0060-BGD,Asia
http://www.manahil.com/manahilsarwar#1977-0109-BGD,Asia
http://www.manahil.com/manahilsarwar#1977-0054-BGD,Asia
http://www.manahil.com/manahilsarwar#1977-0110-BGD,Asia
http://www.manahil.com/manahilsarwar#1977-0125-BGD,Asia
http://www.manahil.com/manahilsarwar#1977-0198-HKG,Asia
http://www.manahil.com/manahilsarwar#1977-0200-HKG,Asia
http://www.manahil.com/manahilsarwar#1977-9195-HKG,Asia
http://www.manahil.com/manahilsarwar#1977-0196-HKG,Asia
http://www.manahil.com/manahilsarwar#1977-0251-IDN,Asia
http://www.manahil.com/manahilsarwar#1977-0091-IDN,Asia
http://www.manahil.com/manahilsarwar#1977-0013-IDN,Asia
http://www.manahil.com/manahilsarwar#1977-0138-IDN,Asia
http://www.manahil.com/manahilsarwar#1977-0014-IDN,Asia
http://www.manahil.com/manahilsarwar#1977-0043-IDN,Asia
http://www.manahil.com/manahilsarwar#1977-0046-IDN,Asia
http://www.manahil.com/manahilsarwar#1977-0094-IND,Asia
http://www.manahil.com/manahilsarwar#1977-0133-IND,Asia
http://www.manahil.com/manahilsarwar#1977-0201-IND,Asia
http://www.manahil.com/manahilsarwar#1977-0012-IND,Asia
http://www.manahil.com/manahilsarwar#1978-0083-AFG,Asia
http://www.manahil.com/manahilsarwar#1978-0097-BGD,Asia
http://www.manahil.com/manahilsarwar#1978-0061-BGD,Asia
http://www.manahil.com/manahilsarwar#1978-0051-BGD,Asia
http://www.manahil.com/manahilsarwar#1978-0068-BGD,Asia
http://www.manahil.com/manahilsarwar#1978-0096-BHR,Asia
http://www.manahil.com/manahilsarwar#1978-0038-IDN,Asia
http://www.manahil.com/manahilsarwar#1978-0088-IDN,Asia
http://www.manahil.com/manahilsarwar#1978-0014-IDN,Asia
http://www.manahil.com/manahilsarwar#1978-0064-IDN,Asia
http://www.manahil.com/manahilsarwar#1978-0044-IND,Asia
http://www.manahil.com/manahilsarwar#1978-0055-IND,Asia
http://www.manahil.com/manahilsarwar#1978-0056-IND,Asia
http://www.manahil.com/manahilsarwar#1978-0063-IND,Asia
http://www.manahil.com/manahilsarwar#1978-0012-IND,Asia
http://www.manahil.com/manahilsarwar#1978-0074-IND,Asia
http://www.manahil.com/manahilsarwar#1900-0008-JPN,Asia
http://www.manahil.com/manahilsarwar#1901-0004-JPN,Asia
http://www.manahil.com/manahilsarwar#1902-0008-JPN,Asia
http://www.manahil.com/manahilsarwar#1902-0005-MMR,Asia
http://www.manahil.com/manahilsarwar#1903-0007-TUR,Asia
http://www.manahil.com/manahilsarwar#1905-0007-JPN,Asia
http://www.manahil.com/manahilsarwar#1905-0004-PHL,Asia
http://www.manahil.com/manahilsarwar#1906-0001-TWN,Asia
http://www.manahil.com/manahilsarwar#1909-0007-IRN,Asia
http://www.manahil.com/manahilsarwar#1910-0019-JPN,Asia
http://www.manahil.com/manahilsarwar#1911-0001-PHL,Asia
http://www.manahil.com/manahilsarwar#1911-0006-TWN,Asia
http://www.manahil.com/manahilsarwar#1912-0006-TUR,Asia
http://www.manahil.com/manahilsarwar#1912-0008-JPN,Asia
http://www.manahil.com/manahilsarwar#1912-0010-PHL,Asia
http://www.manahil.com/manahilsarwar#1914-0025-JPN,Asia
http://www.manahil.com/manahilsarwar#1914-0002-JPN,Asia
http://www.manahil.com/manahilsarwar#1917-0005-JPN,Asia
http://www.manahil.com/manahilsarwar#1918-0011-PHL,Asia
http://www.manahil.com/manahilsarwar#1923-0006-JPN,Asia
http://www.manahil.com/manahilsarwar#1923-0020-IRN,Asia
http://www.manahil.com/manahilsarwar#1923-0007-JPN,Asia
http://www.manahil.com/manahilsarwar#1923-0009-JPN,Asia
http://www.manahil.com/manahilsarwar#1923-0004-MMR,Asia
http://www.manahil.com/manahilsarwar#1924-0002-TWN,Asia
http://www.manahil.com/manahilsarwar#1926-0019-JPN,Asia
http://www.manahil.com/manahilsarwar#1926-0005-MMR,Asia
http://www.manahil.com/manahilsarwar#1926-0010-PAK,Asia
http://www.manahil.com/manahilsarwar#1927-0007-JOR,Asia
http://www.manahil.com/manahilsarwar#1927-0004-JPN,Asia
http://www.manahil.com/manahilsarwar#1928-0005-TUR,Asia
http://www.manahil.com/manahilsarwar#1929-0012-IRN,Asia
http://www.manahil.com/manahilsarwar#1930-0006-MMR,Asia
http://www.manahil.com/manahilsarwar#1930-0025-IRN,Asia
http://www.manahil.com/manahilsarwar#1930-0012-JPN,Asia
http://www.manahil.com/manahilsarwar#1930-0017-MMR,Asia
http://www.manahil.com/manahilsarwar#1931-0008-PHL,Asia
http://www.manahil.com/manahilsarwar#1932-0003-PHL,Asia
http://www.manahil.com/manahilsarwar#1933-0001-JPN,Asia
http://www.manahil.com/manahilsarwar#1934-0008-JPN,Asia
http://www.manahil.com/manahilsarwar#1934-0010-PHL,Asia
http://www.manahil.com/manahilsarwar#1934-0011-PHL,Asia
http://www.manahil.com/manahilsarwar#1935-0005-PAK,Asia
http://www.manahil.com/manahilsarwar#1935-0003-TWN,Asia
http://www.manahil.com/manahilsarwar#1935-0006-TWN,Asia
http://www.manahil.com/manahilsarwar#1936-0007-KOR,Asia
http://www.manahil.com/manahilsarwar#1936-0004-MMR,Asia
http://www.manahil.com/manahilsarwar#1936-0008-PHL,Asia
