Disaster,TotalDeaths,TotalImpacted
http://www.manahil.com/manahilsarwar#1900-9002-CPV,11000.0,None
http://www.manahil.com/manahilsarwar#1900-9001-IND,1250000.0,None
http://www.manahil.com/manahilsarwar#1902-0012-GTM,2000.0,None
http://www.manahil.com/manahilsarwar#1902-0003-GTM,1000.0,None
http://www.manahil.com/manahilsarwar#1902-0010-GTM,6000.0,None
http://www.manahil.com/manahilsarwar#1903-0006-CAN,76.0,23.0
http://www.manahil.com/manahilsarwar#1903-0012-COM,17.0,None
http://www.manahil.com/manahilsarwar#1904-0003-BGD,None,None
http://www.manahil.com/manahilsarwar#1905-0005-CAN,18.0,18.0
http://www.manahil.com/manahilsarwar#1905-0003-IND,20000.0,None
http://www.manahil.com/manahilsarwar#1906-0014-CHL,20000.0,None
http://www.manahil.com/manahilsarwar#1906-0002-COL,400.0,None
http://www.manahil.com/manahilsarwar#1906-0023-BEL,6.0,None
http://www.manahil.com/manahilsarwar#1906-0024-BEL,None,None
http://www.manahil.com/manahilsarwar#1906-0015-HKG,10000.0,None
http://www.manahil.com/manahilsarwar#1907-0006-CHN,12000.0,None
http://www.manahil.com/manahilsarwar#1907-0001-IND,1300000.0,None
http://www.manahil.com/manahilsarwar#1908-0011-CAN,33.0,None
http://www.manahil.com/manahilsarwar#1909-0010-BGD,172.0,None
http://www.manahil.com/manahilsarwar#1909-0013-BGD,None,None
http://www.manahil.com/manahilsarwar#1909-0001-CHN,1500000.0,None
http://www.manahil.com/manahilsarwar#1909-0009-FRA,46.0,None
http://www.manahil.com/manahilsarwar#1909-0012-HTI,150.0,None
http://www.manahil.com/manahilsarwar#1909-0002-IDN,40.0,None
http://www.manahil.com/manahilsarwar#1910-9006-BFA,None,None
http://www.manahil.com/manahilsarwar#1910-0016-CAN,62.0,None
http://www.manahil.com/manahilsarwar#1910-0001-CHN,60000.0,None
http://www.manahil.com/manahilsarwar#1910-9006-CPV,None,None
http://www.manahil.com/manahilsarwar#1910-0004-CRI,1750.0,None
http://www.manahil.com/manahilsarwar#1910-0005-DZA,12.0,None
http://www.manahil.com/manahilsarwar#1910-9006-GMB,None,None
http://www.manahil.com/manahilsarwar#1910-9006-GNB,None,None
http://www.manahil.com/manahilsarwar#1911-0004-BGD,None,None
http://www.manahil.com/manahilsarwar#1911-0018-CAN,73.0,200.0
http://www.manahil.com/manahilsarwar#1911-0002-CHN,100000.0,None
http://www.manahil.com/manahilsarwar#1912-0021-CAN,28.0,2700.0
http://www.manahil.com/manahilsarwar#1912-0005-CHN,50000.0,None
http://www.manahil.com/manahilsarwar#1914-0022-IDN,20.0,20.0
http://www.manahil.com/manahilsarwar#1915-0010-CAN,56.0,22.0
http://www.manahil.com/manahilsarwar#1915-0011-CHN,None,3000000.0
http://www.manahil.com/manahilsarwar#1915-0006-HTI,1600.0,None
http://www.manahil.com/manahilsarwar#1916-0004-IND,300.0,None
http://www.manahil.com/manahilsarwar#1917-0014-CHN,1800.0,None
http://www.manahil.com/manahilsarwar#1917-0013-CHN,None,635000.0
http://www.manahil.com/manahilsarwar#1917-0009-GTM,2650.0,None
http://www.manahil.com/manahilsarwar#1917-0003-IDN,15000.0,None
http://www.manahil.com/manahilsarwar#1918-0020-CHN,10000.0,None
http://www.manahil.com/manahilsarwar#1918-0001-BGD,393000.0,None
http://www.manahil.com/manahilsarwar#1918-0015-CAN,50000.0,2000000.0
http://www.manahil.com/manahilsarwar#1919-0007-AIA,None,None
http://www.manahil.com/manahilsarwar#1919-9006-AIA,None,None
http://www.manahil.com/manahilsarwar#1919-0003-BGD,None,None
http://www.manahil.com/manahilsarwar#1919-0001-IDN,5000.0,None
http://www.manahil.com/manahilsarwar#1920-0007-CHN,180000.0,None
http://www.manahil.com/manahilsarwar#1920-9004-CPV,24000.0,None
http://www.manahil.com/manahilsarwar#1920-0012-AIA,None,None
http://www.manahil.com/manahilsarwar#1920-9003-CHN,500000.0,20000000.0
http://www.manahil.com/manahilsarwar#1920-0005-DFR,None,None
http://www.manahil.com/manahilsarwar#1920-0001-IND,2000000.0,None
http://www.manahil.com/manahilsarwar#1920-0002-IND,500000.0,None
http://www.manahil.com/manahilsarwar#1921-0005-AIA,None,None
http://www.manahil.com/manahilsarwar#1922-0001-CHL,1000.0,None
http://www.manahil.com/manahilsarwar#1922-0010-AIA,None,None
http://www.manahil.com/manahilsarwar#1922-0003-BGD,None,None
http://www.manahil.com/manahilsarwar#1922-0011-CAN,43.0,11000.0
http://www.manahil.com/manahilsarwar#1922-0004-CHN,100000.0,None
http://www.manahil.com/manahilsarwar#1923-0017-AIA,None,None
http://www.manahil.com/manahilsarwar#1923-0003-BGD,6.0,25000.0
http://www.manahil.com/manahilsarwar#1923-0019-CHN,5000.0,None
http://www.manahil.com/manahilsarwar#1923-0018-HKG,100.0,None
http://www.manahil.com/manahilsarwar#1924-0005-ECU,40.0,None
http://www.manahil.com/manahilsarwar#1924-0007-IDN,727.0,11250.0
http://www.manahil.com/manahilsarwar#1924-0003-IND,1242.0,1000000.0
http://www.manahil.com/manahilsarwar#1924-0001-IND,300000.0,None
http://www.manahil.com/manahilsarwar#1925-0002-CHN,5000.0,None
http://www.manahil.com/manahilsarwar#1925-0007-DFR,None,None
http://www.manahil.com/manahilsarwar#1925-0004-IND,80.0,None
http://www.manahil.com/manahilsarwar#1926-0018-BEL,None,None
http://www.manahil.com/manahilsarwar#1926-0004-BGD,None,None
http://www.manahil.com/manahilsarwar#1926-0009-BHS,None,None
http://www.manahil.com/manahilsarwar#1926-0013-COL,100.0,None
http://www.manahil.com/manahilsarwar#1926-0012-CUB,600.0,None
http://www.manahil.com/manahilsarwar#1926-0006-DFR,None,None
http://www.manahil.com/manahilsarwar#1926-0014-EGY,12.0,None
http://www.manahil.com/manahilsarwar#1926-0020-FRA,28.0,None
http://www.manahil.com/manahilsarwar#1926-0008-IND,None,None
http://www.manahil.com/manahilsarwar#1926-0001-IND,423000.0,None
http://www.manahil.com/manahilsarwar#1927-0014-IDN,50.0,50.0
http://www.manahil.com/manahilsarwar#1927-0006-CHN,40912.0,133894.0
http://www.manahil.com/manahilsarwar#1927-0009-CHN,5000.0,None
http://www.manahil.com/manahilsarwar#1927-0012-DZA,3000.0,None
http://www.manahil.com/manahilsarwar#1927-0008-IND,56.0,40010.0
http://www.manahil.com/manahilsarwar#1927-0011-IND,629.0,None
http://www.manahil.com/manahilsarwar#1928-0022-BEL,None,6000.0
http://www.manahil.com/manahilsarwar#1928-0007-BGR,107.0,None
http://www.manahil.com/manahilsarwar#1928-0024-CAN,27.0,None
http://www.manahil.com/manahilsarwar#1928-0003-CHL,220.0,None
http://www.manahil.com/manahilsarwar#1928-9002-CHN,3000000.0,None
http://www.manahil.com/manahilsarwar#1928-0015-GLP,2000.0,None
http://www.manahil.com/manahilsarwar#1928-0001-GRC,103.0,None
http://www.manahil.com/manahilsarwar#1928-0012-IDN,128.0,None
http://www.manahil.com/manahilsarwar#1928-0018-IND,36.0,2000.0
http://www.manahil.com/manahilsarwar#1929-0003-BHS,None,None
http://www.manahil.com/manahilsarwar#1929-0002-DFR,None,None
http://www.manahil.com/manahilsarwar#1930-0021-BEL,None,None
http://www.manahil.com/manahilsarwar#1930-0013-BEL,60.0,None
http://www.manahil.com/manahilsarwar#1930-0024-DMA,2000.0,None
http://www.manahil.com/manahilsarwar#1930-0009-DOM,2000.0,12000.0
http://www.manahil.com/manahilsarwar#1930-0027-FRA,40.0,None
http://www.manahil.com/manahilsarwar#1930-0007-GRC,22.0,None
http://www.manahil.com/manahilsarwar#1930-0003-IDN,1369.0,None
http://www.manahil.com/manahilsarwar#1931-9014-CAN,None,25000.0
http://www.manahil.com/manahilsarwar#1931-0007-CHN,3700000.0,None
http://www.manahil.com/manahilsarwar#1931-0009-BLZ,1500.0,None
http://www.manahil.com/manahilsarwar#1931-0005-ECU,190.0,None
http://www.manahil.com/manahilsarwar#1931-0006-FJI,200.0,None
http://www.manahil.com/manahilsarwar#1931-0010-HND,1500.0,None
http://www.manahil.com/manahilsarwar#1931-0012-IDN,1300.0,None
http://www.manahil.com/manahilsarwar#1932-0006-CUB,2500.0,None
http://www.manahil.com/manahilsarwar#1932-0013-FRA,30.0,None
http://www.manahil.com/manahilsarwar#1932-0009-IDN,6.0,3075.0
http://www.manahil.com/manahilsarwar#1933-0021-CHN,10000.0,None
http://www.manahil.com/manahilsarwar#1933-0013-CHN,18000.0,3600000.0
http://www.manahil.com/manahilsarwar#1934-0005-CHN,500.0,None
http://www.manahil.com/manahilsarwar#1935-0009-BHS,14.0,None
http://www.manahil.com/manahilsarwar#1935-0019-CHN,142000.0,10030000.0
http://www.manahil.com/manahilsarwar#1935-0008-CUB,35.0,500.0
http://www.manahil.com/manahilsarwar#1935-0012-HTI,2150.0,None
http://www.manahil.com/manahilsarwar#1935-0015-IND,60000.0,None
http://www.manahil.com/manahilsarwar#1935-0014-IND,100.0,None
http://www.manahil.com/manahilsarwar#1936-0015-IDN,9.0,20.0
http://www.manahil.com/manahilsarwar#1936-0006-CAN,500.0,None
http://www.manahil.com/manahilsarwar#1936-0011-IDN,17.0,None
http://www.manahil.com/manahilsarwar#1936-0009-IND,233.0,None
http://www.manahil.com/manahilsarwar#1937-0006-BGD,None,None
http://www.manahil.com/manahilsarwar#1937-0011-HKG,11000.0,None
http://www.manahil.com/manahilsarwar#1938-0009-IDN,None,5630.0
http://www.manahil.com/manahilsarwar#1939-0001-CHL,30000.0,58500.0
http://www.manahil.com/manahilsarwar#1939-0005-GHA,22.0,7630.0
http://www.manahil.com/manahilsarwar#1939-0017-AUS,71.0,3900.0
http://www.manahil.com/manahilsarwar#1939-0006-CHN,500000.0,None
http://www.manahil.com/manahilsarwar#1940-9002-BFA,None,None
http://www.manahil.com/manahilsarwar#1940-9002-CPV,20000.0,None
http://www.manahil.com/manahilsarwar#1940-9002-GMB,None,None
http://www.manahil.com/manahilsarwar#1940-9002-GNB,None,None
http://www.manahil.com/manahilsarwar#1941-0003-BGD,5000.0,None
http://www.manahil.com/manahilsarwar#1941-0002-FJI,6.0,None
http://www.manahil.com/manahilsarwar#1942-9003-IND,1500000.0,None
http://www.manahil.com/manahilsarwar#1942-0008-BGD,61000.0,None
http://www.manahil.com/manahilsarwar#1942-0021-CHN,30.0,None
http://www.manahil.com/manahilsarwar#1942-0005-COK,None,None
http://www.manahil.com/manahilsarwar#1942-0001-ECU,200.0,None
http://www.manahil.com/manahilsarwar#1942-0009-IND,40000.0,None
http://www.manahil.com/manahilsarwar#1943-0010-CHL,12.0,35.0
http://www.manahil.com/manahilsarwar#1943-9002-BGD,1900000.0,None
http://www.manahil.com/manahilsarwar#1943-0009-COK,None,None
http://www.manahil.com/manahilsarwar#1943-0024-IDN,213.0,16096.0
http://www.manahil.com/manahilsarwar#1943-0011-IND,5000.0,None
http://www.manahil.com/manahilsarwar#1943-0012-IND,None,30000.0
http://www.manahil.com/manahilsarwar#1944-0011-CUB,None,None
http://www.manahil.com/manahilsarwar#1944-0002-ARG,10000.0,155000.0
http://www.manahil.com/manahilsarwar#1944-0028-AUS,49.0,2100.0
http://www.manahil.com/manahilsarwar#1944-0006-IND,304.0,None
http://www.manahil.com/manahilsarwar#1945-0009-BEL,None,104.0
http://www.manahil.com/manahilsarwar#1945-0004-BHS,22.0,None
http://www.manahil.com/manahilsarwar#1945-0005-IND,None,2000.0
http://www.manahil.com/manahilsarwar#1946-0013-CHL,2.0,None
http://www.manahil.com/manahilsarwar#1946-0021-DOM,73.0,None
http://www.manahil.com/manahilsarwar#1946-9004-CPV,30000.0,None
http://www.manahil.com/manahilsarwar#1946-0022-AZO,27.0,None
http://www.manahil.com/manahilsarwar#1946-0018-CAN,17.0,None
http://www.manahil.com/manahilsarwar#1946-0005-COK,None,None
http://www.manahil.com/manahilsarwar#1946-0001-DZA,276.0,None
http://www.manahil.com/manahilsarwar#1947-0012-BGD,500.0,None
http://www.manahil.com/manahilsarwar#1947-9005-BGD,None,None
http://www.manahil.com/manahilsarwar#1947-0007-EGY,10276.0,None
http://www.manahil.com/manahilsarwar#1947-0011-HKG,2000.0,None
http://www.manahil.com/manahilsarwar#1948-0013-BMU,None,None
http://www.manahil.com/manahilsarwar#1948-0027-BRA,200.0,None
http://www.manahil.com/manahilsarwar#1948-0025-CHL,100.0,None
http://www.manahil.com/manahilsarwar#1948-0022-CHN,1000.0,None
http://www.manahil.com/manahilsarwar#1948-0024-CHN,800.0,None
http://www.manahil.com/manahilsarwar#1948-0020-CHN,330.0,None
http://www.manahil.com/manahilsarwar#1948-0009-CUB,3.0,None
http://www.manahil.com/manahilsarwar#1948-0012-CUB,11.0,300.0
http://www.manahil.com/manahilsarwar#1948-0008-IND,500.0,None
http://www.manahil.com/manahilsarwar#1949-0010-ECU,6000.0,100000.0
http://www.manahil.com/manahilsarwar#1949-0005-CHL,35.0,155.0
http://www.manahil.com/manahilsarwar#1949-0015-CHL,6.0,18.0
http://www.manahil.com/manahilsarwar#1949-0024-BRA,100.0,None
http://www.manahil.com/manahilsarwar#1949-0025-CHN,57000.0,None
http://www.manahil.com/manahilsarwar#1949-0002-COL,1000.0,None
http://www.manahil.com/manahilsarwar#1949-0027-FRA,80.0,None
http://www.manahil.com/manahilsarwar#1949-0012-GTM,40000.0,None
http://www.manahil.com/manahilsarwar#1949-0013-IND,1000.0,None
http://www.manahil.com/manahilsarwar#1950-0008-IND,1500.0,None
http://www.manahil.com/manahilsarwar#1950-0009-ATG,2.0,None
http://www.manahil.com/manahilsarwar#1950-0012-CAN,None,None
http://www.manahil.com/manahilsarwar#1950-0017-CAN,1.0,107000.0
http://www.manahil.com/manahilsarwar#1950-0007-CHN,500.0,10000000.0
http://www.manahil.com/manahilsarwar#1950-0028-COL,211.0,40000.0
http://www.manahil.com/manahilsarwar#1950-0023-ECU,50.0,None
http://www.manahil.com/manahilsarwar#1950-0006-IND,45.0,25000.0
http://www.manahil.com/manahilsarwar#1950-0011-IND,90.0,None
http://www.manahil.com/manahilsarwar#1950-0026-IND,100.0,None
http://www.manahil.com/manahilsarwar#1951-0036-BGD,200.0,None
http://www.manahil.com/manahilsarwar#1951-0029-CHE,92.0,None
http://www.manahil.com/manahilsarwar#1951-0018-CHN,4800.0,None
http://www.manahil.com/manahilsarwar#1951-0005-COM,500.0,None
http://www.manahil.com/manahilsarwar#1951-0002-IDN,1300.0,None
http://www.manahil.com/manahilsarwar#1952-0034-AUT,28.0,None
http://www.manahil.com/manahilsarwar#1952-0026-DZA,25.0,None
http://www.manahil.com/manahilsarwar#1952-0001-FJI,23.0,800.0
http://www.manahil.com/manahilsarwar#1952-0005-GBR,34.0,None
http://www.manahil.com/manahilsarwar#1952-0012-GBR,4000.0,None
http://www.manahil.com/manahilsarwar#1952-0010-HTI,6.0,None
http://www.manahil.com/manahilsarwar#1952-0011-IND,400.0,1000000.0
http://www.manahil.com/manahilsarwar#1952-0025-IND,350.0,None
http://www.manahil.com/manahilsarwar#1953-0012-CHL,12.0,40.0
http://www.manahil.com/manahilsarwar#1953-0054-CYP,40.0,2600.0
http://www.manahil.com/manahilsarwar#1953-0001-GRC,476.0,141277.0
http://www.manahil.com/manahilsarwar#1953-0025-BEL,11.0,350.0
http://www.manahil.com/manahilsarwar#1953-0030-CAN,481.0,8000.0
http://www.manahil.com/manahilsarwar#1953-0021-CHL,3.0,15.0
http://www.manahil.com/manahilsarwar#1953-0015-DFR,None,None
http://www.manahil.com/manahilsarwar#1953-0039-ECU,71.0,None
http://www.manahil.com/manahilsarwar#1953-0055-ESP,50.0,None
http://www.manahil.com/manahilsarwar#1953-0038-IDN,114.0,None
http://www.manahil.com/manahilsarwar#1953-0042-IND,400.0,None
http://www.manahil.com/manahilsarwar#1953-0045-IND,80.0,None
http://www.manahil.com/manahilsarwar#1954-0017-DZA,1250.0,134250.0
http://www.manahil.com/manahilsarwar#1954-0009-AFG,2000.0,None
http://www.manahil.com/manahilsarwar#1954-0027-ANT,None,None
http://www.manahil.com/manahilsarwar#1954-0003-AUT,10.0,None
http://www.manahil.com/manahilsarwar#1954-0004-AUT,200.0,380.0
http://www.manahil.com/manahilsarwar#1954-0032-CAN,83.0,None
http://www.manahil.com/manahilsarwar#1954-0010-CHN,2000.0,None
http://www.manahil.com/manahilsarwar#1954-0014-CHN,30000.0,None
http://www.manahil.com/manahilsarwar#1954-0012-COL,140.0,None
http://www.manahil.com/manahilsarwar#1954-0064-COL,47.0,None
http://www.manahil.com/manahilsarwar#1954-0034-EGY,None,None
http://www.manahil.com/manahilsarwar#1954-0044-GRC,31.0,200.0
http://www.manahil.com/manahilsarwar#1954-0024-HTI,262.0,None
http://www.manahil.com/manahilsarwar#1954-0022-HTI,410.0,250000.0
http://www.manahil.com/manahilsarwar#1954-0042-IDN,37.0,None
http://www.manahil.com/manahilsarwar#1954-0043-IND,30.0,None
http://www.manahil.com/manahilsarwar#1955-0015-IND,1500.0,375000.0
http://www.manahil.com/manahilsarwar#1955-0025-AIA,None,None
http://www.manahil.com/manahilsarwar#1955-0037-AUS,70.0,None
http://www.manahil.com/manahilsarwar#1955-0014-BLZ,16.0,None
http://www.manahil.com/manahilsarwar#1955-0011-BRB,57.0,None
http://www.manahil.com/manahilsarwar#1955-0031-CAN,3.0,2006.0
http://www.manahil.com/manahilsarwar#1955-0038-CHN,39.0,113.0
http://www.manahil.com/manahilsarwar#1955-0020-EGY,20.0,28.0
http://www.manahil.com/manahilsarwar#1955-0040-IDN,405.0,None
http://www.manahil.com/manahilsarwar#1955-0019-IND,500.0,None
http://www.manahil.com/manahilsarwar#1955-0049-IND,120.0,None
http://www.manahil.com/manahilsarwar#1956-0037-GRC,53.0,100.0
http://www.manahil.com/manahilsarwar#1956-0008-AFG,100.0,2000.0
http://www.manahil.com/manahilsarwar#1956-0039-AFG,51.0,None
http://www.manahil.com/manahilsarwar#1956-0028-BEL,4.0,None
http://www.manahil.com/manahilsarwar#1956-0030-BRA,30.0,None
http://www.manahil.com/manahilsarwar#1956-0033-BRA,36.0,None
http://www.manahil.com/manahilsarwar#1956-0013-CHN,2000.0,None
http://www.manahil.com/manahilsarwar#1956-0001-CHN,2000.0,None
http://www.manahil.com/manahilsarwar#1956-0056-ESP,11.0,70.0
http://www.manahil.com/manahilsarwar#1956-0015-GLP,None,None
http://www.manahil.com/manahilsarwar#1956-0051-IDN,300.0,None
http://www.manahil.com/manahilsarwar#1956-0038-IND,113.0,219.0
http://www.manahil.com/manahilsarwar#1956-0047-IND,27.0,None
http://www.manahil.com/manahilsarwar#1956-0007-IND,None,1000000.0
http://www.manahil.com/manahilsarwar#1956-0012-IND,None,2000.0
http://www.manahil.com/manahilsarwar#1956-0016-IND,100.0,75000.0
http://www.manahil.com/manahilsarwar#1956-0046-IND,50.0,None
http://www.manahil.com/manahilsarwar#1957-0042-BRA,112.0,None
http://www.manahil.com/manahilsarwar#1957-0033-CHN,560.0,None
http://www.manahil.com/manahilsarwar#1957-0040-ESP,77.0,None
http://www.manahil.com/manahilsarwar#1957-0021-HKG,8.0,111.0
http://www.manahil.com/manahilsarwar#1958-0036-ARG,360.0,None
http://www.manahil.com/manahilsarwar#1958-0008-BGD,None,None
http://www.manahil.com/manahilsarwar#1958-0014-BGD,500.0,None
http://www.manahil.com/manahilsarwar#1958-0010-CHL,None,35.0
http://www.manahil.com/manahilsarwar#1958-0005-FJI,None,None
http://www.manahil.com/manahilsarwar#1958-0039-FRA,35.0,None
http://www.manahil.com/manahilsarwar#1958-0024-IDN,8.0,3361.0
http://www.manahil.com/manahilsarwar#1958-0033-IND,52.0,None
http://www.manahil.com/manahilsarwar#1958-0031-IND,651.0,None
http://www.manahil.com/manahilsarwar#1959-0006-CHN,2000000.0,None
http://www.manahil.com/manahilsarwar#1959-0042-BRA,59.0,None
http://www.manahil.com/manahilsarwar#1959-0047-BRA,100.0,None
http://www.manahil.com/manahilsarwar#1959-0023-CAN,6.0,None
http://www.manahil.com/manahilsarwar#1959-0009-CHN,1064.0,None
http://www.manahil.com/manahilsarwar#1959-0011-CHN,720.0,None
http://www.manahil.com/manahilsarwar#1959-0034-CHN,187.0,None
http://www.manahil.com/manahilsarwar#1959-0035-COL,184.0,None
http://www.manahil.com/manahilsarwar#1959-0033-HKG,43.0,None
http://www.manahil.com/manahilsarwar#1959-0031-HTI,50.0,None
http://www.manahil.com/manahilsarwar#1960-0013-CHL,6000.0,2003000.0
http://www.manahil.com/manahilsarwar#1960-0026-AIA,5.0,1250.0
http://www.manahil.com/manahilsarwar#1960-0025-ANT,None,None
http://www.manahil.com/manahilsarwar#1960-0024-ATG,2.0,None
http://www.manahil.com/manahilsarwar#1960-0030-BGD,3000.0,None
http://www.manahil.com/manahilsarwar#1960-0031-BGD,5149.0,200000.0
http://www.manahil.com/manahilsarwar#1960-0001-BGD,10000.0,None
http://www.manahil.com/manahilsarwar#1960-0033-DZA,57.0,1250.0
http://www.manahil.com/manahilsarwar#1960-0042-HKG,45.0,15127.0
http://www.manahil.com/manahilsarwar#1960-9039-HKG,None,None
http://www.manahil.com/manahilsarwar#1960-0040-HKG,15.0,7000.0
http://www.manahil.com/manahilsarwar#1961-0004-BGD,11000.0,None
http://www.manahil.com/manahilsarwar#1961-0005-BGD,None,None
http://www.manahil.com/manahilsarwar#1961-0046-BGD,266.0,None
http://www.manahil.com/manahilsarwar#1961-0013-BLZ,275.0,None
http://www.manahil.com/manahilsarwar#1961-9040-CAN,None,None
http://www.manahil.com/manahilsarwar#1961-0016-ETH,30.0,None
http://www.manahil.com/manahilsarwar#1961-0058-FRA,21.0,None
http://www.manahil.com/manahilsarwar#1961-0053-GRC,43.0,None
http://www.manahil.com/manahilsarwar#1961-0037-HKG,7.0,1171.0
http://www.manahil.com/manahilsarwar#1961-0030-HKG,None,135.0
http://www.manahil.com/manahilsarwar#1961-0052-HND,275.0,None
http://www.manahil.com/manahilsarwar#1961-0055-IND,400.0,None
http://www.manahil.com/manahilsarwar#1962-0044-ALB,15.0,154.0
http://www.manahil.com/manahilsarwar#1962-0043-CAN,33.0,None
http://www.manahil.com/manahilsarwar#1962-0030-COL,47.0,300.0
http://www.manahil.com/manahilsarwar#1962-0033-COL,135.0,None
http://www.manahil.com/manahilsarwar#1962-0003-DFR,347.0,None
http://www.manahil.com/manahilsarwar#1962-0008-ESP,445.0,None
http://www.manahil.com/manahilsarwar#1962-0012-GUM,6.0,None
http://www.manahil.com/manahilsarwar#1962-0015-HKG,183.0,None
http://www.manahil.com/manahilsarwar#1962-0039-HTI,26.0,None
http://www.manahil.com/manahilsarwar#1963-0065-AFG,107.0,None
http://www.manahil.com/manahilsarwar#1963-0055-BEL,12.0,None
http://www.manahil.com/manahilsarwar#1963-0013-BGD,22000.0,1000000.0
http://www.manahil.com/manahilsarwar#1963-0079-BGD,79.0,None
http://www.manahil.com/manahilsarwar#1963-0069-BGD,30.0,None
http://www.manahil.com/manahilsarwar#1963-0031-BHS,None,None
http://www.manahil.com/manahilsarwar#1963-0011-CRI,15.0,5200.0
http://www.manahil.com/manahilsarwar#1963-0030-CUB,1750.0,None
http://www.manahil.com/manahilsarwar#1963-0020-DMA,None,None
http://www.manahil.com/manahilsarwar#1963-0027-DOM,400.0,None
http://www.manahil.com/manahilsarwar#1963-0037-DZA,None,45400.0
http://www.manahil.com/manahilsarwar#1963-0024-GRD,6.0,None
http://www.manahil.com/manahilsarwar#1963-0028-HTI,5000.0,None
http://www.manahil.com/manahilsarwar#1963-0038-HTI,None,2724.0
http://www.manahil.com/manahilsarwar#1963-0034-HTI,500.0,None
http://www.manahil.com/manahilsarwar#1963-0008-IDN,1584.0,78000.0
http://www.manahil.com/manahilsarwar#1963-0066-IDN,106.0,None
http://www.manahil.com/manahilsarwar#1963-0064-IND,112.0,None
http://www.manahil.com/manahilsarwar#1964-9044-IND,None,166000.0
http://www.manahil.com/manahilsarwar#1964-0016-AZO,None,1000.0
http://www.manahil.com/manahilsarwar#1964-0024-BGD,300.0,800.0
http://www.manahil.com/manahilsarwar#1964-0039-BGD,None,1000000.0
http://www.manahil.com/manahilsarwar#1964-0005-BRA,100.0,100000.0
http://www.manahil.com/manahilsarwar#1964-0022-BRA,None,15000.0
http://www.manahil.com/manahilsarwar#1964-0041-BRA,None,5000.0
http://www.manahil.com/manahilsarwar#1964-0017-CHL,4.0,2000.0
http://www.manahil.com/manahilsarwar#1964-0098-CHN,686.0,None
http://www.manahil.com/manahilsarwar#1964-0096-CUB,None,None
http://www.manahil.com/manahilsarwar#1964-0048-DOM,7.0,None
http://www.manahil.com/manahilsarwar#1964-9006-ECU,None,600000.0
http://www.manahil.com/manahilsarwar#1964-0019-FJI,1.0,18000.0
http://www.manahil.com/manahilsarwar#1964-0046-GLP,14.0,10100.0
http://www.manahil.com/manahilsarwar#1964-0082-HKG,44.0,300.0
http://www.manahil.com/manahilsarwar#1964-0085-HKG,26.0,85.0
http://www.manahil.com/manahilsarwar#1964-0047-HTI,100.0,80000.0
http://www.manahil.com/manahilsarwar#1964-0068-IND,500.0,None
http://www.manahil.com/manahilsarwar#1964-9009-IND,None,500000.0
http://www.manahil.com/manahilsarwar#1965-0093-IDN,71.0,15000.0
http://www.manahil.com/manahilsarwar#1965-9073-IND,1500000.0,100000000.0
http://www.manahil.com/manahilsarwar#1965-0048-ARG,45.0,None
http://www.manahil.com/manahilsarwar#1965-0028-BGD,36000.0,15600000.0
http://www.manahil.com/manahilsarwar#1965-0034-BGD,12047.0,None
http://www.manahil.com/manahilsarwar#1965-0068-BGD,874.0,60000.0
http://www.manahil.com/manahilsarwar#1965-0070-BGR,11.0,None
http://www.manahil.com/manahilsarwar#1965-0054-BHS,None,1200.0
http://www.manahil.com/manahilsarwar#1965-0071-BOL,40.0,500.0
http://www.manahil.com/manahilsarwar#1965-0030-BRA,16.0,30000.0
http://www.manahil.com/manahilsarwar#1965-0047-BRA,6.0,240000.0
http://www.manahil.com/manahilsarwar#1965-9003-BWA,None,60000.0
http://www.manahil.com/manahilsarwar#1965-0088-CAN,26.0,22.0
http://www.manahil.com/manahilsarwar#1965-0051-CHE,90.0,None
http://www.manahil.com/manahilsarwar#1965-0016-CHL,400.0,20350.0
http://www.manahil.com/manahilsarwar#1965-0095-CHL,26.0,None
http://www.manahil.com/manahilsarwar#1965-0040-CHL,600.0,375000.0
http://www.manahil.com/manahilsarwar#1965-0099-CHL,58.0,None
http://www.manahil.com/manahilsarwar#1965-9080-CHN,None,None
http://www.manahil.com/manahilsarwar#1965-0065-COL,32.0,None
http://www.manahil.com/manahilsarwar#1965-0022-DOM,None,None
http://www.manahil.com/manahilsarwar#1965-0002-DZA,2.0,49350.0
http://www.manahil.com/manahilsarwar#1965-0018-ECU,None,50000.0
http://www.manahil.com/manahilsarwar#1965-9038-ETH,2000.0,1500000.0
http://www.manahil.com/manahilsarwar#1965-0011-FJI,2.0,10000.0
http://www.manahil.com/manahilsarwar#1965-0015-GRC,38.0,30253.0
http://www.manahil.com/manahilsarwar#1965-0085-HKG,5.0,203.0
http://www.manahil.com/manahilsarwar#1965-0045-HND,7.0,170.0
http://www.manahil.com/manahilsarwar#1965-9032-HND,None,100000.0
http://www.manahil.com/manahilsarwar#1965-0057-HND,None,6000.0
http://www.manahil.com/manahilsarwar#1965-0096-IND,100.0,None
http://www.manahil.com/manahilsarwar#1966-9004-IDN,8000.0,204000.0
http://www.manahil.com/manahilsarwar#1966-0031-ARG,62.0,120000.0
http://www.manahil.com/manahilsarwar#1966-0117-ASM,90.0,None
http://www.manahil.com/manahilsarwar#1966-0072-ATG,None,None
http://www.manahil.com/manahilsarwar#1966-0115-BEL,None,None
http://www.manahil.com/manahilsarwar#1966-9005-BFA,None,None
http://www.manahil.com/manahilsarwar#1966-0077-BGD,850.0,1800000.0
http://www.manahil.com/manahilsarwar#1966-0047-BGD,39.0,500000.0
http://www.manahil.com/manahilsarwar#1966-0078-BHS,5.0,3.0
http://www.manahil.com/manahilsarwar#1966-0132-BHS,None,None
http://www.manahil.com/manahilsarwar#1966-0025-BOL,None,5500.0
http://www.manahil.com/manahilsarwar#1966-0053-BOL,14.0,600.0
http://www.manahil.com/manahilsarwar#1966-0019-BRA,350.0,4000000.0
http://www.manahil.com/manahilsarwar#1966-0017-BRA,373.0,53581.0
http://www.manahil.com/manahilsarwar#1966-0044-BRA,147.0,154557.0
http://www.manahil.com/manahilsarwar#1966-0116-BRA,36.0,None
http://www.manahil.com/manahilsarwar#1966-0120-BRA,40.0,None
http://www.manahil.com/manahilsarwar#1966-0110-CAN,None,None
http://www.manahil.com/manahilsarwar#1966-0090-CHL,4.0,3006.0
http://www.manahil.com/manahilsarwar#1966-0076-CUB,5.0,174030.0
http://www.manahil.com/manahilsarwar#1966-0074-DOM,74.0,12942.0
http://www.manahil.com/manahilsarwar#1966-0079-DZA,57.0,35912.0
http://www.manahil.com/manahilsarwar#1966-0043-ECU,50.0,None
http://www.manahil.com/manahilsarwar#1966-0083-GBR,140.0,None
http://www.manahil.com/manahilsarwar#1966-0073-GLP,25.0,10000.0
http://www.manahil.com/manahilsarwar#1966-0026-GRC,1.0,11050.0
http://www.manahil.com/manahilsarwar#1966-0068-GRC,1.0,15123.0
http://www.manahil.com/manahilsarwar#1966-0105-HKG,15.0,None
http://www.manahil.com/manahilsarwar#1966-0010-HKG,64.0,None
http://www.manahil.com/manahilsarwar#1966-9107-HKG,None,None
http://www.manahil.com/manahilsarwar#1966-0050-HKG,65.0,11301.0
http://www.manahil.com/manahilsarwar#1966-0075-HTI,480.0,67881.0
http://www.manahil.com/manahilsarwar#1966-0041-IDN,1000.0,5060.0
http://www.manahil.com/manahilsarwar#1966-0061-IDN,88.0,42000.0
http://www.manahil.com/manahilsarwar#1966-0036-IDN,176.0,524100.0
http://www.manahil.com/manahilsarwar#1966-0085-IND,18.0,150000.0
http://www.manahil.com/manahilsarwar#1967-0101-IDN,71.0,100.0
http://www.manahil.com/manahilsarwar#1967-0075-ALB,11.0,134.0
http://www.manahil.com/manahilsarwar#1967-0064-ARG,56.0,212000.0
http://www.manahil.com/manahilsarwar#1967-0018-AUS,62.0,3100.0
http://www.manahil.com/manahilsarwar#1967-9012-AUS,600.0,None
http://www.manahil.com/manahilsarwar#1967-0108-BEL,None,100.0
http://www.manahil.com/manahilsarwar#1967-0034-BGD,50.0,200.0
http://www.manahil.com/manahilsarwar#1967-0062-BGD,41.0,None
http://www.manahil.com/manahilsarwar#1967-0028-BRA,436.0,None
http://www.manahil.com/manahilsarwar#1967-0015-BRA,785.0,22093.0
http://www.manahil.com/manahilsarwar#1967-0029-BRA,None,87000.0
http://www.manahil.com/manahilsarwar#1967-0060-BRA,None,15000.0
http://www.manahil.com/manahilsarwar#1967-0081-BRA,35.0,65450.0
http://www.manahil.com/manahilsarwar#1967-0082-COG,154.0,668.0
http://www.manahil.com/manahilsarwar#1967-0078-COK,None,None
http://www.manahil.com/manahilsarwar#1967-0020-COL,61.0,40200.0
http://www.manahil.com/manahilsarwar#1967-0070-DZA,20.0,30000.0
http://www.manahil.com/manahilsarwar#1967-0053-ECU,36.0,528.0
http://www.manahil.com/manahilsarwar#1967-0019-ECU,None,20500.0
http://www.manahil.com/manahilsarwar#1967-0041-FRA,5.0,None
http://www.manahil.com/manahilsarwar#1967-0131-FRA,1.0,1100.0
http://www.manahil.com/manahilsarwar#1967-0032-GRC,9.0,16583.0
http://www.manahil.com/manahilsarwar#1967-0096-HKG,None,1503.0
http://www.manahil.com/manahilsarwar#1967-0095-HKG,None,None
http://www.manahil.com/manahilsarwar#1967-0102-IDN,54.0,8411.0
http://www.manahil.com/manahilsarwar#1967-0007-IDN,None,55000.0
http://www.manahil.com/manahilsarwar#1967-0013-IDN,None,142000.0
http://www.manahil.com/manahilsarwar#1967-0038-IDN,None,7000.0
http://www.manahil.com/manahilsarwar#1967-0076-IDN,160.0,None
http://www.manahil.com/manahilsarwar#1967-0077-IND,177.0,52272.0
http://www.manahil.com/manahilsarwar#1967-0063-IND,1000.0,None
http://www.manahil.com/manahilsarwar#1967-0004-IND,3029.0,13576.0
http://www.manahil.com/manahilsarwar#1968-0032-GRC,19.0,7618.0
http://www.manahil.com/manahilsarwar#1968-0077-AUS,None,4290.0
http://www.manahil.com/manahilsarwar#1968-0080-AUS,12.0,1800.0
http://www.manahil.com/manahilsarwar#1968-0040-BGD,118.0,16138.0
http://www.manahil.com/manahilsarwar#1968-0054-BGD,221.0,15889616.0
http://www.manahil.com/manahilsarwar#1968-0031-BOL,24.0,26200.0
http://www.manahil.com/manahilsarwar#1968-0131-BRA,113.0,None
http://www.manahil.com/manahilsarwar#1968-9004-BWA,None,60000.0
http://www.manahil.com/manahilsarwar#1968-0027-CHE,20.0,22.0
http://www.manahil.com/manahilsarwar#1968-9008-CHL,None,120000.0
http://www.manahil.com/manahilsarwar#1968-0057-CHL,None,None
http://www.manahil.com/manahilsarwar#1968-0028-COL,None,1083.0
http://www.manahil.com/manahilsarwar#1968-0059-CRI,87.0,15671.0
http://www.manahil.com/manahilsarwar#1968-0076-CUB,None,None
http://www.manahil.com/manahilsarwar#1968-0056-DFR,2.0,None
http://www.manahil.com/manahilsarwar#1968-9009-DOM,None,240000.0
http://www.manahil.com/manahilsarwar#1968-0048-ETH,1.0,16000.0
http://www.manahil.com/manahilsarwar#1968-0022-GBR,20.0,700.0
http://www.manahil.com/manahilsarwar#1968-0053-GHA,None,25000.0
http://www.manahil.com/manahilsarwar#1968-9010-GMB,None,180000.0
http://www.manahil.com/manahilsarwar#1968-0112-HKG,22.0,107.0
http://www.manahil.com/manahilsarwar#1968-0067-HKG,None,3004.0
http://www.manahil.com/manahilsarwar#1968-0106-HKG,None,None
http://www.manahil.com/manahilsarwar#1968-0108-HKG,None,None
http://www.manahil.com/manahilsarwar#1968-9006-HTI,None,210217.0
http://www.manahil.com/manahilsarwar#1968-0064-IDN,200.0,None
http://www.manahil.com/manahilsarwar#1968-0003-IDN,40.0,94.0
http://www.manahil.com/manahilsarwar#1968-0038-IDN,12.0,150000.0
http://www.manahil.com/manahilsarwar#1968-0055-IND,4892.0,7500000.0
http://www.manahil.com/manahilsarwar#1968-0074-IND,1000.0,None
http://www.manahil.com/manahilsarwar#1968-0084-IND,7.0,15000.0
http://www.manahil.com/manahilsarwar#1969-9007-AFG,None,48000.0
http://www.manahil.com/manahilsarwar#1969-9006-BEN,None,115000.0
http://www.manahil.com/manahilsarwar#1969-9006-BFA,None,975000.0
http://www.manahil.com/manahilsarwar#1969-9006-CPV,None,None
http://www.manahil.com/manahilsarwar#1969-9006-GMB,None,150000.0
http://www.manahil.com/manahilsarwar#1969-9006-GNB,None,None
http://www.manahil.com/manahilsarwar#1969-0004-BFA,304.0,4550.0
http://www.manahil.com/manahilsarwar#1969-0099-BFA,130.0,None
http://www.manahil.com/manahilsarwar#1969-0065-BGD,849.0,199473.0
http://www.manahil.com/manahilsarwar#1969-0048-BOL,16.0,24.0
http://www.manahil.com/manahilsarwar#1969-0108-BOL,2.0,53.0
http://www.manahil.com/manahilsarwar#1969-0057-BRA,316.0,38305.0
http://www.manahil.com/manahilsarwar#1969-0082-CHN,3000.0,53810.0
http://www.manahil.com/manahilsarwar#1969-0066-CHN,None,None
http://www.manahil.com/manahilsarwar#1969-0110-COL,None,70000.0
http://www.manahil.com/manahilsarwar#1969-0103-CRI,7.0,4603.0
http://www.manahil.com/manahilsarwar#1969-0112-CYP,3.0,3100.0
http://www.manahil.com/manahilsarwar#1969-0096-DZA,76.0,200237.0
http://www.manahil.com/manahilsarwar#1969-0068-ECU,400.0,40000.0
http://www.manahil.com/manahilsarwar#1969-0061-ETH,24.0,585.0
http://www.manahil.com/manahilsarwar#1969-9009-ETH,None,1700000.0
http://www.manahil.com/manahilsarwar#1969-0074-FRA,23.0,None
http://www.manahil.com/manahilsarwar#1969-0091-GTM,269.0,10200.0
http://www.manahil.com/manahilsarwar#1969-0072-GTM,4.0,8.0
http://www.manahil.com/manahilsarwar#1969-0131-HKG,None,374.0
http://www.manahil.com/manahilsarwar#1969-0129-HKG,None,None
http://www.manahil.com/manahilsarwar#1969-0130-HKG,None,None
http://www.manahil.com/manahilsarwar#1969-0133-HKG,None,2000.0
http://www.manahil.com/manahilsarwar#1969-0089-HND,None,8002.0
http://www.manahil.com/manahilsarwar#1969-0092-HND,None,None
http://www.manahil.com/manahilsarwar#1969-0052-IDN,64.0,6532.0
http://www.manahil.com/manahilsarwar#1969-0014-IDN,None,250000.0
http://www.manahil.com/manahilsarwar#1969-0071-IND,600.0,260000.0
http://www.manahil.com/manahilsarwar#1969-0109-IND,200.0,None
http://www.manahil.com/manahilsarwar#1970-0013-ARG,36.0,None
http://www.manahil.com/manahilsarwar#1970-0109-AUS,13.0,None
http://www.manahil.com/manahilsarwar#1970-0044-BEN,None,None
http://www.manahil.com/manahilsarwar#1970-0063-BGD,300000.0,3648000.0
http://www.manahil.com/manahilsarwar#1970-0026-BGD,17.0,110.0
http://www.manahil.com/manahilsarwar#1970-0035-BGD,None,10000000.0
http://www.manahil.com/manahilsarwar#1970-0058-BGD,300.0,None
http://www.manahil.com/manahilsarwar#1970-9005-BRA,None,10000000.0
http://www.manahil.com/manahilsarwar#1970-0037-BRA,172.0,104371.0
http://www.manahil.com/manahilsarwar#1970-0054-BRB,3.0,210.0
http://www.manahil.com/manahilsarwar#1970-9073-BWA,None,87600.0
http://www.manahil.com/manahilsarwar#1970-0042-CAN,10.0,None
http://www.manahil.com/manahilsarwar#1970-0018-CHE,30.0,48.0
http://www.manahil.com/manahilsarwar#1970-0010-CHN,10000.0,None
http://www.manahil.com/manahilsarwar#1970-0090-CHN,107.0,14000.0
http://www.manahil.com/manahilsarwar#1970-0057-CIV,120.0,1500.0
http://www.manahil.com/manahilsarwar#1970-0051-COL,None,3006.0
http://www.manahil.com/manahilsarwar#1970-0021-COL,None,4000.0
http://www.manahil.com/manahilsarwar#1970-0061-COL,307.0,5105000.0
http://www.manahil.com/manahilsarwar#1970-0069-COL,100.0,None
http://www.manahil.com/manahilsarwar#1970-0025-CRI,23.0,10040.0
http://www.manahil.com/manahilsarwar#1970-0066-CRI,1.0,5200.0
http://www.manahil.com/manahilsarwar#1970-0118-CUB,20.0,None
http://www.manahil.com/manahilsarwar#1970-0006-CYP,None,None
http://www.manahil.com/manahilsarwar#1970-0120-DMA,None,None
http://www.manahil.com/manahilsarwar#1970-0067-ECU,29.0,88112.0
http://www.manahil.com/manahilsarwar#1970-0023-ECU,20.0,140500.0
http://www.manahil.com/manahilsarwar#1970-0062-ECU,None,10100.0
http://www.manahil.com/manahilsarwar#1970-0007-ETH,500.0,4000.0
http://www.manahil.com/manahilsarwar#1970-0016-FRA,42.0,37.0
http://www.manahil.com/manahilsarwar#1970-0027-FRA,72.0,None
http://www.manahil.com/manahilsarwar#1970-0121-GLP,None,None
http://www.manahil.com/manahilsarwar#1970-0099-HKG,None,909.0
http://www.manahil.com/manahilsarwar#1970-0093-HKG,None,None
http://www.manahil.com/manahilsarwar#1970-0094-HKG,None,None
http://www.manahil.com/manahilsarwar#1970-0097-HKG,None,529.0
http://www.manahil.com/manahilsarwar#1970-0028-HUN,300.0,None
http://www.manahil.com/manahilsarwar#1970-0129-IDN,82.0,None
http://www.manahil.com/manahilsarwar#1970-0112-IND,26.0,200.0
http://www.manahil.com/manahilsarwar#1971-0042-CHL,85.0,2348973.0
http://www.manahil.com/manahilsarwar#1971-0044-AFG,100.0,None
http://www.manahil.com/manahilsarwar#1971-9085-AFG,None,None
http://www.manahil.com/manahilsarwar#1971-0015-AUS,27.0,None
http://www.manahil.com/manahilsarwar#1971-0096-AUS,3.0,None
http://www.manahil.com/manahilsarwar#1971-0119-BEL,None,600.0
http://www.manahil.com/manahilsarwar#1971-0032-BGD,163.0,None
http://www.manahil.com/manahilsarwar#1971-0017-BRA,130.0,None
http://www.manahil.com/manahilsarwar#1971-0027-BRA,109.0,13000.0
http://www.manahil.com/manahilsarwar#1971-0118-CAN,None,None
http://www.manahil.com/manahilsarwar#1971-0031-CAN,31.0,1500.0
http://www.manahil.com/manahilsarwar#1971-0039-CHL,None,90000.0
http://www.manahil.com/manahilsarwar#1971-9001-CMR,None,400000.0
http://www.manahil.com/manahilsarwar#1971-0135-COL,200.0,None
http://www.manahil.com/manahilsarwar#1971-0018-COL,None,None
http://www.manahil.com/manahilsarwar#1971-0127-COL,51.0,None
http://www.manahil.com/manahilsarwar#1971-0019-ECU,20.0,6.0
http://www.manahil.com/manahilsarwar#1971-0040-ECU,None,2400.0
http://www.manahil.com/manahilsarwar#1971-0010-ESP,400.0,None
http://www.manahil.com/manahilsarwar#1971-0046-ESP,None,None
http://www.manahil.com/manahilsarwar#1971-9003-GHA,None,12000.0
http://www.manahil.com/manahilsarwar#1971-0041-GUY,None,21000.0
http://www.manahil.com/manahilsarwar#1971-0049-HKG,115.0,1486.0
http://www.manahil.com/manahilsarwar#1971-0100-HKG,None,None
http://www.manahil.com/manahilsarwar#1971-0102-HKG,None,None
http://www.manahil.com/manahilsarwar#1971-0132-HND,None,None
http://www.manahil.com/manahilsarwar#1971-0058-IND,9658.0,6900000.0
http://www.manahil.com/manahilsarwar#1971-0112-IND,60.0,None
http://www.manahil.com/manahilsarwar#1972-0002-AFG,150.0,250000.0
http://www.manahil.com/manahilsarwar#1972-0014-ARG,100.0,None
http://www.manahil.com/manahilsarwar#1972-0142-BEL,None,None
http://www.manahil.com/manahilsarwar#1972-0026-BGD,200.0,25000.0
http://www.manahil.com/manahilsarwar#1972-0041-BGD,50.0,None
http://www.manahil.com/manahilsarwar#1972-0017-BWA,None,1000.0
http://www.manahil.com/manahilsarwar#1972-0018-COL,70.0,None
http://www.manahil.com/manahilsarwar#1972-0061-DFR,54.0,None
http://www.manahil.com/manahilsarwar#1972-0060-ESP,None,None
http://www.manahil.com/manahilsarwar#1972-0059-FJI,3.0,120000.0
http://www.manahil.com/manahilsarwar#1972-0144-GBR,None,None
http://www.manahil.com/manahilsarwar#1972-0038-HKG,100.0,1000.0
http://www.manahil.com/manahilsarwar#1972-0097-HKG,None,None
http://www.manahil.com/manahilsarwar#1972-0098-HKG,None,None
http://www.manahil.com/manahilsarwar#1972-0099-HKG,None,None
http://www.manahil.com/manahilsarwar#1972-0100-HKG,None,7565.0
http://www.manahil.com/manahilsarwar#1972-0101-HKG,138.0,14607.0
http://www.manahil.com/manahilsarwar#1972-9077-HND,None,300000.0
http://www.manahil.com/manahilsarwar#1972-0033-HTI,78.0,40000.0
http://www.manahil.com/manahilsarwar#1972-9131-IDN,None,3500000.0
http://www.manahil.com/manahilsarwar#1972-0051-IND,100.0,4500000.0
http://www.manahil.com/manahilsarwar#1972-0063-IND,80.0,30000.0
http://www.manahil.com/manahilsarwar#1972-9116-IND,None,200000000.0
http://www.manahil.com/manahilsarwar#1973-9005-ETH,100000.0,3000000.0
http://www.manahil.com/manahilsarwar#1973-0002-ARG,60.0,300.0
http://www.manahil.com/manahilsarwar#1973-0051-AUS,12.0,12000.0
http://www.manahil.com/manahilsarwar#1973-0053-BGD,1000.0,None
http://www.manahil.com/manahilsarwar#1973-0023-BGD,200.0,50000.0
http://www.manahil.com/manahilsarwar#1973-0123-BGD,427.0,None
http://www.manahil.com/manahilsarwar#1973-0125-BGD,700.0,None
http://www.manahil.com/manahilsarwar#1973-0130-BGD,None,None
http://www.manahil.com/manahilsarwar#1973-0019-BRA,20.0,None
http://www.manahil.com/manahilsarwar#1973-0038-CAF,None,13000.0
http://www.manahil.com/manahilsarwar#1973-0043-COL,9.0,5172.0
http://www.manahil.com/manahilsarwar#1973-0029-COL,16.0,None
http://www.manahil.com/manahilsarwar#1973-0030-COL,200.0,None
http://www.manahil.com/manahilsarwar#1973-0024-CRI,21.0,3745.0
http://www.manahil.com/manahilsarwar#1973-9004-CRI,None,None
http://www.manahil.com/manahilsarwar#1973-0016-DZA,21.0,146000.0
http://www.manahil.com/manahilsarwar#1973-0126-ECU,25.0,None
http://www.manahil.com/manahilsarwar#1973-0111-ECU,None,30000.0
http://www.manahil.com/manahilsarwar#1973-0046-ESP,500.0,None
http://www.manahil.com/manahilsarwar#1973-0010-ESP,19.0,None
http://www.manahil.com/manahilsarwar#1973-0021-FJI,None,1150.0
http://www.manahil.com/manahilsarwar#1973-0052-FJI,59.0,5000.0
http://www.manahil.com/manahilsarwar#1973-0059-GMB,None,5000.0
http://www.manahil.com/manahilsarwar#1973-0027-GTM,5.0,1000.0
http://www.manahil.com/manahilsarwar#1973-0103-HKG,1.0,276.0
http://www.manahil.com/manahilsarwar#1973-0095-HKG,None,None
http://www.manahil.com/manahilsarwar#1973-0096-HKG,None,None
http://www.manahil.com/manahilsarwar#1973-0039-HND,2800.0,None
http://www.manahil.com/manahilsarwar#1973-0028-IDN,1650.0,None
http://www.manahil.com/manahilsarwar#1973-0009-IND,115.0,None
http://www.manahil.com/manahilsarwar#1973-0054-IND,146.0,None
http://www.manahil.com/manahilsarwar#1974-0011-ARG,100.0,100000.0
http://www.manahil.com/manahilsarwar#1974-0061-AUS,65.0,45640.0
http://www.manahil.com/manahilsarwar#1974-0091-AUS,11.0,None
http://www.manahil.com/manahilsarwar#1974-9100-AUS,None,None
http://www.manahil.com/manahilsarwar#1974-0096-AUS,14.0,None
http://www.manahil.com/manahilsarwar#1974-0042-BGD,2500.0,None
http://www.manahil.com/manahilsarwar#1974-0059-BGD,None,None
http://www.manahil.com/manahilsarwar#1974-9049-BGD,None,None
http://www.manahil.com/manahilsarwar#1974-0034-BGD,28700.0,38000000.0
http://www.manahil.com/manahilsarwar#1974-0147-BGD,300.0,None
http://www.manahil.com/manahilsarwar#1974-0046-BLZ,None,70000.0
http://www.manahil.com/manahilsarwar#1974-0010-BOL,31.0,18000.0
http://www.manahil.com/manahilsarwar#1974-0024-BRA,91.0,None
http://www.manahil.com/manahilsarwar#1974-0053-BRA,30.0,None
http://www.manahil.com/manahilsarwar#1974-0127-BRA,1500.0,30000.0
http://www.manahil.com/manahilsarwar#1974-0015-BRA,205.0,325000.0
http://www.manahil.com/manahilsarwar#1974-0133-CAN,None,None
http://www.manahil.com/manahilsarwar#1974-0134-CAN,None,None
http://www.manahil.com/manahilsarwar#1974-0027-CHL,32.0,40000.0
http://www.manahil.com/manahilsarwar#1974-0025-CHN,20000.0,None
http://www.manahil.com/manahilsarwar#1974-0031-COL,300.0,1000.0
http://www.manahil.com/manahilsarwar#1974-0048-COL,90.0,None
http://www.manahil.com/manahilsarwar#1974-0009-CSK,14.0,None
http://www.manahil.com/manahilsarwar#1974-0043-DFR,None,None
http://www.manahil.com/manahilsarwar#1974-0017-DZA,11.0,20000.0
http://www.manahil.com/manahilsarwar#1974-0110-HKG,1.0,1000.0
http://www.manahil.com/manahilsarwar#1974-0111-HKG,None,1400.0
http://www.manahil.com/manahilsarwar#1974-0114-HKG,None,None
http://www.manahil.com/manahilsarwar#1974-0115-HKG,None,None
http://www.manahil.com/manahilsarwar#1974-0117-HKG,None,None
http://www.manahil.com/manahilsarwar#1974-0047-HND,8000.0,600000.0
http://www.manahil.com/manahilsarwar#1974-9055-HTI,None,507000.0
http://www.manahil.com/manahilsarwar#1974-0002-IDN,10.0,2000.0
http://www.manahil.com/manahilsarwar#1974-0045-IND,20.0,100.0
http://www.manahil.com/manahilsarwar#1974-0122-IND,None,25000.0
http://www.manahil.com/manahilsarwar#1975-0154-CHN,20000.0,11000000.0
http://www.manahil.com/manahilsarwar#1975-0023-ARG,20.0,None
http://www.manahil.com/manahilsarwar#1975-0131-AUS,None,None
http://www.manahil.com/manahilsarwar#1975-0102-AUS,None,None
http://www.manahil.com/manahilsarwar#1975-0103-AUS,None,None
http://www.manahil.com/manahilsarwar#1975-0130-AUS,None,None
http://www.manahil.com/manahilsarwar#1975-0026-AUT,15.0,None
http://www.manahil.com/manahilsarwar#1975-0039-BRA,70.0,600.0
http://www.manahil.com/manahilsarwar#1975-0145-BRA,56.0,None
http://www.manahil.com/manahilsarwar#1975-0068-BRA,None,107.0
http://www.manahil.com/manahilsarwar#1975-0042-BRA,118.0,828000.0
http://www.manahil.com/manahilsarwar#1975-0020-CAN,14.0,None
http://www.manahil.com/manahilsarwar#1975-0122-CAN,None,340.0
http://www.manahil.com/manahilsarwar#1975-0024-CHE,13.0,None
http://www.manahil.com/manahilsarwar#1975-0017-CHN,2000.0,None
http://www.manahil.com/manahilsarwar#1975-0032-CRI,2.0,None
http://www.manahil.com/manahilsarwar#1975-0041-ECU,None,None
http://www.manahil.com/manahilsarwar#1975-0147-ECU,None,None
http://www.manahil.com/manahilsarwar#1975-0019-EGY,15.0,None
http://www.manahil.com/manahilsarwar#1975-0015-FJI,None,23000.0
http://www.manahil.com/manahilsarwar#1975-0124-GRD,None,None
http://www.manahil.com/manahilsarwar#1975-0109-HKG,None,62.0
http://www.manahil.com/manahilsarwar#1975-0119-HKG,None,1997.0
http://www.manahil.com/manahilsarwar#1975-0107-HKG,None,1912.0
http://www.manahil.com/manahilsarwar#1975-0110-HKG,3.0,1194.0
http://www.manahil.com/manahilsarwar#1975-0112-HKG,None,150.0
http://www.manahil.com/manahilsarwar#1975-0014-IND,47.0,None
http://www.manahil.com/manahilsarwar#1975-0058-IND,None,2000.0
http://www.manahil.com/manahilsarwar#1975-0121-IND,None,None
http://www.manahil.com/manahilsarwar#1976-0028-AFG,50.0,90000.0
http://www.manahil.com/manahilsarwar#1976-0031-AFG,51.0,80000.0
http://www.manahil.com/manahilsarwar#1976-0128-AUS,None,None
http://www.manahil.com/manahilsarwar#1976-0129-AUS,None,None
http://www.manahil.com/manahilsarwar#1976-0163-AUS,None,None
http://www.manahil.com/manahilsarwar#1976-0164-AUS,None,None
http://www.manahil.com/manahilsarwar#1976-0165-AUS,None,None
http://www.manahil.com/manahilsarwar#1976-9126-AUS,None,None
http://www.manahil.com/manahilsarwar#1976-9127-AUS,None,None
http://www.manahil.com/manahilsarwar#1976-0067-AUS,None,10000.0
http://www.manahil.com/manahilsarwar#1976-0131-AUS,None,None
http://www.manahil.com/manahilsarwar#1976-0177-AUT,None,None
http://www.manahil.com/manahilsarwar#1976-9162-BEL,None,None
http://www.manahil.com/manahilsarwar#1976-0161-BEL,None,None
http://www.manahil.com/manahilsarwar#1976-0027-BEN,1.0,7.0
http://www.manahil.com/manahilsarwar#1976-9152-BFA,None,442000.0
http://www.manahil.com/manahilsarwar#1976-0034-BGD,46.0,200.0
http://www.manahil.com/manahilsarwar#1976-0133-BGD,1.0,None
http://www.manahil.com/manahilsarwar#1976-0041-BGD,168.0,4000000.0
http://www.manahil.com/manahilsarwar#1976-0149-CAN,None,None
http://www.manahil.com/manahilsarwar#1976-0179-CHE,None,None
http://www.manahil.com/manahilsarwar#1976-0050-CHN,242000.0,164000.0
http://www.manahil.com/manahilsarwar#1976-0055-CHN,None,None
http://www.manahil.com/manahilsarwar#1976-0036-COL,13.0,16.0
http://www.manahil.com/manahilsarwar#1976-0187-COL,47.0,None
http://www.manahil.com/manahilsarwar#1976-0070-CRI,None,70000.0
http://www.manahil.com/manahilsarwar#1976-0030-CRI,None,None
http://www.manahil.com/manahilsarwar#1976-0026-CUB,1.0,8.0
http://www.manahil.com/manahilsarwar#1976-0018-DFR,82.0,None
http://www.manahil.com/manahilsarwar#1976-0173-DNK,None,None
http://www.manahil.com/manahilsarwar#1976-0033-ECU,10.0,None
http://www.manahil.com/manahilsarwar#1976-0068-ECU,10.0,20000.0
http://www.manahil.com/manahilsarwar#1976-0077-ECU,1.0,25000.0
http://www.manahil.com/manahilsarwar#1976-0025-ECU,60.0,None
http://www.manahil.com/manahilsarwar#1976-0032-ETH,None,70000.0
http://www.manahil.com/manahilsarwar#1976-0178-FRA,None,None
http://www.manahil.com/manahilsarwar#1976-0172-GBR,None,None
http://www.manahil.com/manahilsarwar#1976-0058-GLP,None,75003.0
http://www.manahil.com/manahilsarwar#1976-9152-GMB,None,None
http://www.manahil.com/manahilsarwar#1976-0024-GTM,23000.0,4993000.0
http://www.manahil.com/manahilsarwar#1976-0035-GUM,9.0,None
http://www.manahil.com/manahilsarwar#1976-0138-HKG,5.0,2.0
http://www.manahil.com/manahilsarwar#1976-0139-HKG,3.0,1.0
http://www.manahil.com/manahilsarwar#1976-0141-HKG,30.0,2489.0
http://www.manahil.com/manahilsarwar#1976-9134-HKG,None,None
http://www.manahil.com/manahilsarwar#1976-0137-HKG,None,200.0
http://www.manahil.com/manahilsarwar#1976-0152-HND,20.0,15000.0
http://www.manahil.com/manahilsarwar#1976-0043-IDN,420.0,15000.0
http://www.manahil.com/manahilsarwar#1976-0047-IDN,573.0,454755.0
http://www.manahil.com/manahilsarwar#1976-0071-IDN,133.0,7000.0
http://www.manahil.com/manahilsarwar#1976-0171-IDN,40.0,None
http://www.manahil.com/manahilsarwar#1976-0073-IDN,163.0,20020.0
http://www.manahil.com/manahilsarwar#1976-0188-IDN,25.0,None
http://www.manahil.com/manahilsarwar#1976-0063-IND,40.0,None
http://www.manahil.com/manahilsarwar#1976-0074-IND,95.0,300000.0
http://www.manahil.com/manahilsarwar#1976-0143-IND,87.0,250000.0
http://www.manahil.com/manahilsarwar#1976-0144-IND,18.0,None
http://www.manahil.com/manahilsarwar#1976-0146-IND,30.0,50000.0
http://www.manahil.com/manahilsarwar#1976-0147-IND,None,None
http://www.manahil.com/manahilsarwar#1977-0106-IDN,185.0,3975.0
http://www.manahil.com/manahilsarwar#1977-9062-GHA,None,None
http://www.manahil.com/manahilsarwar#1977-9002-HTI,None,450000.0
http://www.manahil.com/manahilsarwar#1977-0137-ARG,70.0,40100.0
http://www.manahil.com/manahilsarwar#1977-0146-ARG,None,2500.0
http://www.manahil.com/manahilsarwar#1977-0223-AUS,None,None
http://www.manahil.com/manahilsarwar#1977-0225-AUS,None,None
http://www.manahil.com/manahilsarwar#1977-0227-AUS,3.0,None
http://www.manahil.com/manahilsarwar#1977-0224-AUS,None,None
http://www.manahil.com/manahilsarwar#1977-0226-AUS,None,None
http://www.manahil.com/manahilsarwar#1977-0144-BFA,None,900.0
http://www.manahil.com/manahilsarwar#1977-0124-BGD,21.0,500.0
http://www.manahil.com/manahilsarwar#1977-0060-BGD,13.0,100.0
http://www.manahil.com/manahilsarwar#1977-0109-BGD,260.0,10461.0
http://www.manahil.com/manahilsarwar#1977-0054-BGD,600.0,10000.0
http://www.manahil.com/manahilsarwar#1977-0110-BGD,5.0,200000.0
http://www.manahil.com/manahilsarwar#1977-0125-BGD,8.0,13650.0
http://www.manahil.com/manahilsarwar#1977-0048-BGR,20.0,165.0
http://www.manahil.com/manahilsarwar#1977-9005-BOL,None,None
http://www.manahil.com/manahilsarwar#1977-0036-BOL,10.0,90000.0
http://www.manahil.com/manahilsarwar#1977-9006-BRA,None,None
http://www.manahil.com/manahilsarwar#1977-0061-BRA,2.0,125000.0
http://www.manahil.com/manahilsarwar#1977-0077-BRA,10.0,100.0
http://www.manahil.com/manahilsarwar#1977-0105-BRA,None,6000.0
http://www.manahil.com/manahilsarwar#1977-0232-BRA,60.0,None
http://www.manahil.com/manahilsarwar#1977-9294-CAN,None,None
http://www.manahil.com/manahilsarwar#1977-0203-CAN,None,None
http://www.manahil.com/manahilsarwar#1977-0209-CHE,None,None
http://www.manahil.com/manahilsarwar#1977-0087-CHL,15.0,16800.0
http://www.manahil.com/manahilsarwar#1977-0069-COL,None,100.0
http://www.manahil.com/manahilsarwar#1977-0056-COM,1.0,25000.0
http://www.manahil.com/manahilsarwar#1977-0073-CUB,7.0,18000.0
http://www.manahil.com/manahilsarwar#1977-0120-DJI,None,91000.0
http://www.manahil.com/manahilsarwar#1977-0001-ECU,None,300.0
http://www.manahil.com/manahilsarwar#1977-0030-ETH,64.0,None
http://www.manahil.com/manahilsarwar#1977-0128-ETH,7.0,16000.0
http://www.manahil.com/manahilsarwar#1977-0084-FRA,26.0,25000.0
http://www.manahil.com/manahilsarwar#1977-0211-GBR,6.0,None
http://www.manahil.com/manahilsarwar#1977-0011-GHA,None,6558.0
http://www.manahil.com/manahilsarwar#1977-0129-GRC,27.0,1600.0
http://www.manahil.com/manahilsarwar#1977-0198-HKG,None,20.0
http://www.manahil.com/manahilsarwar#1977-0200-HKG,1.0,108.0
http://www.manahil.com/manahilsarwar#1977-9195-HKG,None,None
http://www.manahil.com/manahilsarwar#1977-0196-HKG,None,97.0
http://www.manahil.com/manahilsarwar#1977-0251-IDN,2.0,25.0
http://www.manahil.com/manahilsarwar#1977-0091-IDN,1.0,3060.0
http://www.manahil.com/manahilsarwar#1977-0013-IDN,37.0,29942.0
http://www.manahil.com/manahilsarwar#1977-0138-IDN,80.0,None
http://www.manahil.com/manahilsarwar#1977-0014-IDN,10.0,260000.0
http://www.manahil.com/manahilsarwar#1977-0043-IDN,None,25000.0
http://www.manahil.com/manahilsarwar#1977-0046-IDN,12.0,5000.0
http://www.manahil.com/manahilsarwar#1977-0094-IND,500.0,1000000.0
http://www.manahil.com/manahilsarwar#1977-0133-IND,14204.0,14469800.0
http://www.manahil.com/manahilsarwar#1977-0201-IND,2.0,10000.0
http://www.manahil.com/manahilsarwar#1977-0012-IND,None,9091.0
http://www.manahil.com/manahilsarwar#1978-0083-AFG,120.0,271684.0
http://www.manahil.com/manahilsarwar#1978-0004-ARG,None,1600.0
http://www.manahil.com/manahilsarwar#1978-0049-AUS,5.0,100.0
http://www.manahil.com/manahilsarwar#1978-0072-BDI,54.0,1530.0
http://www.manahil.com/manahilsarwar#1978-0053-BEN,2.0,7200.0
http://www.manahil.com/manahilsarwar#1978-0097-BGD,17.0,400000.0
http://www.manahil.com/manahilsarwar#1978-0061-BGD,129.0,None
http://www.manahil.com/manahilsarwar#1978-0051-BGD,1000.0,None
http://www.manahil.com/manahilsarwar#1978-0068-BGD,30.0,100.0
http://www.manahil.com/manahilsarwar#1978-0096-BHR,111.0,None
http://www.manahil.com/manahilsarwar#1978-0030-BOL,None,63000.0
http://www.manahil.com/manahilsarwar#1978-0006-BRA,26.0,1000.0
http://www.manahil.com/manahilsarwar#1978-0073-CHL,4.0,6000.0
http://www.manahil.com/manahilsarwar#1978-0034-CUB,6.0,170.0
http://www.manahil.com/manahilsarwar#1978-0062-DFR,2.0,None
http://www.manahil.com/manahilsarwar#1978-0029-DJI,None,106000.0
http://www.manahil.com/manahilsarwar#1978-0077-ESP,2.0,None
http://www.manahil.com/manahilsarwar#1978-0098-ETH,9.0,1000.0
http://www.manahil.com/manahilsarwar#1978-0032-FJI,None,None
http://www.manahil.com/manahilsarwar#1978-0010-FRA,3.0,1000.0
http://www.manahil.com/manahilsarwar#1978-0081-GRC,50.0,600100.0
http://www.manahil.com/manahilsarwar#1978-0038-IDN,82.0,None
http://www.manahil.com/manahilsarwar#1978-0088-IDN,11.0,70.0
http://www.manahil.com/manahilsarwar#1978-0014-IDN,41.0,7000.0
http://www.manahil.com/manahilsarwar#1978-0064-IDN,21.0,8000.0
http://www.manahil.com/manahilsarwar#1978-0044-IND,26.0,700.0
http://www.manahil.com/manahilsarwar#1978-0055-IND,500.0,1400.0
http://www.manahil.com/manahilsarwar#1978-0056-IND,100.0,100.0
http://www.manahil.com/manahilsarwar#1978-0063-IND,150.0,None
http://www.manahil.com/manahilsarwar#1978-0012-IND,45.0,None
http://www.manahil.com/manahilsarwar#1978-0074-IND,48.0,1000.0
http://www.manahil.com/manahilsarwar#1900-0003-USA,6000.0,None
http://www.manahil.com/manahilsarwar#1900-0007-JAM,30.0,None
http://www.manahil.com/manahilsarwar#1900-0006-JAM,300.0,None
http://www.manahil.com/manahilsarwar#1900-0008-JPN,30.0,None
http://www.manahil.com/manahilsarwar#1901-0004-JPN,18.0,24.0
http://www.manahil.com/manahilsarwar#1901-0001-UGA,200000.0,None
http://www.manahil.com/manahilsarwar#1902-0008-JPN,125.0,None
http://www.manahil.com/manahilsarwar#1902-0005-MMR,600.0,None
http://www.manahil.com/manahilsarwar#1902-0006-MTQ,30000.0,None
http://www.manahil.com/manahilsarwar#1902-0011-SUN,4562.0,125112.0
http://www.manahil.com/manahilsarwar#1903-0008-JAM,65.0,None
http://www.manahil.com/manahilsarwar#1903-9001-NER,None,None
http://www.manahil.com/manahilsarwar#1903-0007-TUR,3560.0,60000.0
http://www.manahil.com/manahilsarwar#1903-0010-USA,98.0,None
http://www.manahil.com/manahilsarwar#1905-0007-JPN,41.0,None
http://www.manahil.com/manahilsarwar#1905-0001-ITA,557.0,22100.0
http://www.manahil.com/manahilsarwar#1905-0004-PHL,240.0,None
http://www.manahil.com/manahilsarwar#1906-0013-USA,700.0,84564.0
http://www.manahil.com/manahilsarwar#1906-0012-ITA,700.0,None
http://www.manahil.com/manahilsarwar#1906-9025-NER,None,None
http://www.manahil.com/manahilsarwar#1906-0001-TWN,1258.0,20452.0
http://www.manahil.com/manahilsarwar#1906-0004-USA,164.0,None
http://www.manahil.com/manahilsarwar#1906-0005-USA,134.0,None
http://www.manahil.com/manahilsarwar#1907-0004-JAM,1200.0,90000.0
http://www.manahil.com/manahilsarwar#1908-0007-ITA,75000.0,150000.0
http://www.manahil.com/manahilsarwar#1908-0006-ROU,None,None
http://www.manahil.com/manahilsarwar#1909-0007-IRN,5000.0,None
http://www.manahil.com/manahilsarwar#1909-0016-JAM,53.0,None
http://www.manahil.com/manahilsarwar#1909-0014-MAR,100.0,None
http://www.manahil.com/manahilsarwar#1909-0017-USA,72.0,None
http://www.manahil.com/manahilsarwar#1909-0003-USA,350.0,None
http://www.manahil.com/manahilsarwar#1909-0004-USA,41.0,None
http://www.manahil.com/manahilsarwar#1910-0019-JPN,1379.0,None
http://www.manahil.com/manahilsarwar#1910-9006-MLI,None,None
http://www.manahil.com/manahilsarwar#1910-9006-MRT,None,None
http://www.manahil.com/manahilsarwar#1910-9006-NER,85000.0,32000.0
http://www.manahil.com/manahilsarwar#1910-9006-SEN,None,None
http://www.manahil.com/manahilsarwar#1910-9006-TCD,None,None
http://www.manahil.com/manahilsarwar#1910-0003-USA,30.0,None
http://www.manahil.com/manahilsarwar#1911-0001-PHL,1335.0,199.0
http://www.manahil.com/manahilsarwar#1911-0006-TWN,1000.0,None
http://www.manahil.com/manahilsarwar#1912-0006-TUR,923.0,18195.0
http://www.manahil.com/manahilsarwar#1912-0011-JAM,142.0,94820.0
http://www.manahil.com/manahilsarwar#1912-0008-JPN,1000.0,None
http://www.manahil.com/manahilsarwar#1912-0010-PHL,None,None
http://www.manahil.com/manahilsarwar#1913-0002-NER,None,None
http://www.manahil.com/manahilsarwar#1913-0009-PER,150.0,None
http://www.manahil.com/manahilsarwar#1913-0008-ROU,None,None
http://www.manahil.com/manahilsarwar#1913-0005-USA,732.0,None
http://www.manahil.com/manahilsarwar#1914-0025-JPN,94.0,1920.0
http://www.manahil.com/manahilsarwar#1914-0002-JPN,140.0,None
http://www.manahil.com/manahilsarwar#1914-0001-TKL,None,None
http://www.manahil.com/manahilsarwar#1915-0002-ITA,29980.0,None
http://www.manahil.com/manahilsarwar#1915-0004-USA,6.0,None
http://www.manahil.com/manahilsarwar#1915-0005-USA,525.0,None
http://www.manahil.com/manahilsarwar#1917-0006-JAM,57.0,None
http://www.manahil.com/manahilsarwar#1917-0005-JPN,4000.0,None
http://www.manahil.com/manahilsarwar#1917-0002-SUN,2500000.0,None
http://www.manahil.com/manahilsarwar#1918-0011-PHL,100.0,None
http://www.manahil.com/manahilsarwar#1918-0008-PRI,116.0,None
http://www.manahil.com/manahilsarwar#1918-0019-NZL,6700.0,None
http://www.manahil.com/manahilsarwar#1918-0003-USA,34.0,None
http://www.manahil.com/manahilsarwar#1918-0007-USA,1000.0,None
http://www.manahil.com/manahilsarwar#1919-0002-USA,500.0,None
http://www.manahil.com/manahilsarwar#1920-0014-ITA,1400.0,None
http://www.manahil.com/manahilsarwar#1920-0016-USA,224.0,None
http://www.manahil.com/manahilsarwar#1921-9001-SUN,1200000.0,5000000.0
http://www.manahil.com/manahilsarwar#1922-0002-ITA,100.0,None
http://www.manahil.com/manahilsarwar#1923-0006-JPN,143000.0,203733.0
http://www.manahil.com/manahilsarwar#1923-0020-IRN,2200.0,None
http://www.manahil.com/manahilsarwar#1923-0015-JAM,4.0,1300.0
http://www.manahil.com/manahilsarwar#1923-0007-JPN,200.0,None
http://www.manahil.com/manahilsarwar#1923-0009-JPN,3000.0,None
http://www.manahil.com/manahilsarwar#1923-0004-MMR,6.0,None
http://www.manahil.com/manahilsarwar#1923-0002-NER,100000.0,None
http://www.manahil.com/manahilsarwar#1923-0005-SUN,23.0,None
http://www.manahil.com/manahilsarwar#1923-0001-SUN,None,18000000.0
http://www.manahil.com/manahilsarwar#1924-0002-TWN,1000.0,None
http://www.manahil.com/manahilsarwar#1925-0006-TKL,None,None
http://www.manahil.com/manahilsarwar#1925-0001-USA,739.0,None
http://www.manahil.com/manahilsarwar#1925-0005-USA,13.0,None
http://www.manahil.com/manahilsarwar#1926-0019-JPN,144.0,None
http://www.manahil.com/manahilsarwar#1926-0005-MMR,2700.0,40000.0
http://www.manahil.com/manahilsarwar#1926-0010-PAK,None,None
http://www.manahil.com/manahilsarwar#1926-0002-ROU,1000.0,None
http://www.manahil.com/manahilsarwar#1926-0003-USA,25.0,None
http://www.manahil.com/manahilsarwar#1926-0011-USA,243.0,None
http://www.manahil.com/manahilsarwar#1927-0007-JOR,268.0,None
http://www.manahil.com/manahilsarwar#1927-0004-JPN,3022.0,79540.0
http://www.manahil.com/manahilsarwar#1927-0010-USA,87.0,None
http://www.manahil.com/manahilsarwar#1928-0017-KNA,None,None
http://www.manahil.com/manahilsarwar#1928-0016-MSR,None,None
http://www.manahil.com/manahilsarwar#1928-0010-POL,82.0,None
http://www.manahil.com/manahilsarwar#1928-0013-PRI,300.0,None
http://www.manahil.com/manahilsarwar#1928-0009-ROU,6.0,None
http://www.manahil.com/manahilsarwar#1928-0006-ROU,None,None
http://www.manahil.com/manahilsarwar#1928-0005-TUR,50.0,209.0
http://www.manahil.com/manahilsarwar#1928-0014-USA,1836.0,None
http://www.manahil.com/manahilsarwar#1929-0013-NZL,17.0,None
http://www.manahil.com/manahilsarwar#1929-0012-IRN,3253.0,1121.0
http://www.manahil.com/manahilsarwar#1929-0001-MEX,60.0,None
http://www.manahil.com/manahilsarwar#1930-0006-MMR,500.0,None
http://www.manahil.com/manahilsarwar#1930-0025-IRN,1360.0,None
http://www.manahil.com/manahilsarwar#1930-0008-ITA,1883.0,10000.0
http://www.manahil.com/manahilsarwar#1930-0012-JPN,259.0,26122.0
http://www.manahil.com/manahilsarwar#1930-0017-MMR,36.0,None
http://www.manahil.com/manahilsarwar#1930-0002-NER,None,None
http://www.manahil.com/manahilsarwar#1931-0001-NIC,1000.0,None
http://www.manahil.com/manahilsarwar#1931-0004-NZL,256.0,11000.0
http://www.manahil.com/manahilsarwar#1931-0008-PHL,None,None
http://www.manahil.com/manahilsarwar#1931-0011-SLB,50.0,None
http://www.manahil.com/manahilsarwar#1932-0008-JAM,16.0,None
http://www.manahil.com/manahilsarwar#1932-0003-PHL,147.0,2500.0
http://www.manahil.com/manahilsarwar#1932-0005-PRI,225.0,None
http://www.manahil.com/manahilsarwar#1932-0014-USA,332.0,None
http://www.manahil.com/manahilsarwar#1932-0002-USA,40.0,None
http://www.manahil.com/manahilsarwar#1933-0007-USA,116.0,None
http://www.manahil.com/manahilsarwar#1933-0002-JAM,53.0,None
http://www.manahil.com/manahilsarwar#1933-0009-JAM,10.0,None
http://www.manahil.com/manahilsarwar#1933-0001-JPN,3000.0,None
http://www.manahil.com/manahilsarwar#1933-0008-TTO,13.0,None
http://www.manahil.com/manahilsarwar#1933-0004-USA,40.0,None
http://www.manahil.com/manahilsarwar#1934-0008-JPN,3006.0,None
http://www.manahil.com/manahilsarwar#1934-0010-PHL,None,None
http://www.manahil.com/manahilsarwar#1934-0011-PHL,85.0,None
http://www.manahil.com/manahilsarwar#1934-0006-ROU,None,None
http://www.manahil.com/manahilsarwar#1934-0007-SLV,2000.0,None
http://www.manahil.com/manahilsarwar#1935-0005-PAK,60000.0,25000.0
http://www.manahil.com/manahilsarwar#1935-0010-JAM,None,None
http://www.manahil.com/manahilsarwar#1935-0003-TWN,3276.0,101588.0
http://www.manahil.com/manahilsarwar#1935-0006-TWN,2746.0,156004.0
http://www.manahil.com/manahilsarwar#1935-0001-UGA,2000.0,None
http://www.manahil.com/manahilsarwar#1935-0007-USA,408.0,None
http://www.manahil.com/manahilsarwar#1936-0007-KOR,1104.0,None
http://www.manahil.com/manahilsarwar#1936-0004-MMR,1000.0,150000.0
http://www.manahil.com/manahilsarwar#1936-0001-NOR,73.0,None
http://www.manahil.com/manahilsarwar#1936-0008-PHL,517.0,None
http://www.manahil.com/manahilsarwar#1936-0003-USA,455.0,None
http://www.manahil.com/manahilsarwar#1936-0005-USA,1193.0,None
http://www.manahil.com/manahilsarwar#1937-0010-JAM,40.0,None
