Disaster,Lattitude,Longitude
http://www.manahil.com/manahilsarwar#1900-9002-CPV,None,None
http://www.manahil.com/manahilsarwar#1900-9001-IND,None,None
http://www.manahil.com/manahilsarwar#1902-0012-GTM,14,-91
http://www.manahil.com/manahilsarwar#1902-0003-GTM,None,None
http://www.manahil.com/manahilsarwar#1902-0010-GTM,None,None
http://www.manahil.com/manahilsarwar#1903-0006-CAN,None,None
http://www.manahil.com/manahilsarwar#1903-0012-COM,None,None
http://www.manahil.com/manahilsarwar#1904-0003-BGD,None,None
http://www.manahil.com/manahilsarwar#1905-0005-CAN,None,None
http://www.manahil.com/manahilsarwar#1905-0003-IND,32.04,76.16
http://www.manahil.com/manahilsarwar#1906-0014-CHL,33.05,71.4
http://www.manahil.com/manahilsarwar#1906-0002-COL,1.51 N,78.46 W
http://www.manahil.com/manahilsarwar#1906-0023-BEL,None,None
http://www.manahil.com/manahilsarwar#1906-0024-BEL,None,None
http://www.manahil.com/manahilsarwar#1906-0015-HKG,None,None
http://www.manahil.com/manahilsarwar#1907-0006-CHN,38.5,69.9
http://www.manahil.com/manahilsarwar#1907-0001-IND,None,None
http://www.manahil.com/manahilsarwar#1908-0011-CAN,None,None
http://www.manahil.com/manahilsarwar#1909-0010-BGD,None,None
http://www.manahil.com/manahilsarwar#1909-0013-BGD,None,None
http://www.manahil.com/manahilsarwar#1909-0001-CHN,None,None
http://www.manahil.com/manahilsarwar#1909-0009-FRA,44.05,6.14
http://www.manahil.com/manahilsarwar#1909-0012-HTI,None,None
http://www.manahil.com/manahilsarwar#1909-0002-IDN,None,None
http://www.manahil.com/manahilsarwar#1910-9006-BFA,None,None
http://www.manahil.com/manahilsarwar#1910-0016-CAN,None,None
http://www.manahil.com/manahilsarwar#1910-0001-CHN,None,None
http://www.manahil.com/manahilsarwar#1910-9006-CPV,None,None
http://www.manahil.com/manahilsarwar#1910-0004-CRI,9.8,-84
http://www.manahil.com/manahilsarwar#1910-0005-DZA,36,4
http://www.manahil.com/manahilsarwar#1910-9006-GMB,None,None
http://www.manahil.com/manahilsarwar#1910-9006-GNB,None,None
http://www.manahil.com/manahilsarwar#1911-0004-BGD,None,None
http://www.manahil.com/manahilsarwar#1911-0018-CAN,None,None
http://www.manahil.com/manahilsarwar#1911-0002-CHN,None,None
http://www.manahil.com/manahilsarwar#1912-0021-CAN,None,None
http://www.manahil.com/manahilsarwar#1912-0005-CHN,None,None
http://www.manahil.com/manahilsarwar#1914-0022-IDN,-3.924,101.82
http://www.manahil.com/manahilsarwar#1915-0010-CAN,None,None
http://www.manahil.com/manahilsarwar#1915-0011-CHN,None,None
http://www.manahil.com/manahilsarwar#1915-0006-HTI,None,None
http://www.manahil.com/manahilsarwar#1916-0004-IND,None,None
http://www.manahil.com/manahilsarwar#1917-0014-CHN,28,104
http://www.manahil.com/manahilsarwar#1917-0013-CHN,None,None
http://www.manahil.com/manahilsarwar#1917-0009-GTM,14.38,-90.22
http://www.manahil.com/manahilsarwar#1917-0003-IDN,-7,116
http://www.manahil.com/manahilsarwar#1918-0020-CHN,23.5,117
http://www.manahil.com/manahilsarwar#1918-0001-BGD,None,None
http://www.manahil.com/manahilsarwar#1918-0015-CAN,None,None
http://www.manahil.com/manahilsarwar#1919-0007-AIA,None,None
http://www.manahil.com/manahilsarwar#1919-9006-AIA,None,None
http://www.manahil.com/manahilsarwar#1919-0003-BGD,None,None
http://www.manahil.com/manahilsarwar#1919-0001-IDN,None,None
http://www.manahil.com/manahilsarwar#1920-0007-CHN,36.888,105.606
http://www.manahil.com/manahilsarwar#1920-9004-CPV,None,None
http://www.manahil.com/manahilsarwar#1920-0012-AIA,None,None
http://www.manahil.com/manahilsarwar#1920-9003-CHN,None,None
http://www.manahil.com/manahilsarwar#1920-0005-DFR,None,None
http://www.manahil.com/manahilsarwar#1920-0001-IND,None,None
http://www.manahil.com/manahilsarwar#1920-0002-IND,None,None
http://www.manahil.com/manahilsarwar#1921-0005-AIA,None,None
http://www.manahil.com/manahilsarwar#1922-0001-CHL,-28.553,-70.755
http://www.manahil.com/manahilsarwar#1922-0010-AIA,None,None
http://www.manahil.com/manahilsarwar#1922-0003-BGD,None,None
http://www.manahil.com/manahilsarwar#1922-0011-CAN,None,None
http://www.manahil.com/manahilsarwar#1922-0004-CHN,None,None
http://www.manahil.com/manahilsarwar#1923-0017-AIA,None,None
http://www.manahil.com/manahilsarwar#1923-0003-BGD,None,None
http://www.manahil.com/manahilsarwar#1923-0019-CHN,31.295,100.75
http://www.manahil.com/manahilsarwar#1923-0018-HKG,None,None
http://www.manahil.com/manahilsarwar#1924-0005-ECU,-1.29,-78.52
http://www.manahil.com/manahilsarwar#1924-0007-IDN,-7.21,109.56
http://www.manahil.com/manahilsarwar#1924-0003-IND,None,None
http://www.manahil.com/manahilsarwar#1924-0001-IND,None,None
http://www.manahil.com/manahilsarwar#1925-0002-CHN,25.713,100.422
http://www.manahil.com/manahilsarwar#1925-0007-DFR,None,None
http://www.manahil.com/manahilsarwar#1925-0004-IND,None,None
http://www.manahil.com/manahilsarwar#1926-0018-BEL,None,None
http://www.manahil.com/manahilsarwar#1926-0004-BGD,None,None
http://www.manahil.com/manahilsarwar#1926-0009-BHS,None,None
http://www.manahil.com/manahilsarwar#1926-0013-COL,None,None
http://www.manahil.com/manahilsarwar#1926-0012-CUB,None,None
http://www.manahil.com/manahilsarwar#1926-0006-DFR,None,None
http://www.manahil.com/manahilsarwar#1926-0014-EGY,30.03 N,31.15 E
http://www.manahil.com/manahilsarwar#1926-0020-FRA,None,None
http://www.manahil.com/manahilsarwar#1926-0008-IND,None,None
http://www.manahil.com/manahilsarwar#1926-0001-IND,None,None
http://www.manahil.com/manahilsarwar#1927-0014-IDN,-0.842,120.764
http://www.manahil.com/manahilsarwar#1927-0006-CHN,37.645,102.489
http://www.manahil.com/manahilsarwar#1927-0009-CHN,None,None
http://www.manahil.com/manahilsarwar#1927-0012-DZA,None,None
http://www.manahil.com/manahilsarwar#1927-0008-IND,None,None
http://www.manahil.com/manahilsarwar#1927-0011-IND,None,None
http://www.manahil.com/manahilsarwar#1928-0022-BEL,None,None
http://www.manahil.com/manahilsarwar#1928-0007-BGR,None,None
http://www.manahil.com/manahilsarwar#1928-0024-CAN,48.60 N,58.00 W
http://www.manahil.com/manahilsarwar#1928-0003-CHL,35.28 S,71.40 W
http://www.manahil.com/manahilsarwar#1928-9002-CHN,None,None
http://www.manahil.com/manahilsarwar#1928-0015-GLP,None,None
http://www.manahil.com/manahilsarwar#1928-0001-GRC,38.00 N,23.44 E
http://www.manahil.com/manahilsarwar#1928-0012-IDN,8.30 S,121.70 E
http://www.manahil.com/manahilsarwar#1928-0018-IND,None,None
http://www.manahil.com/manahilsarwar#1929-0003-BHS,None,None
http://www.manahil.com/manahilsarwar#1929-0002-DFR,None,None
http://www.manahil.com/manahilsarwar#1930-0021-BEL,None,None
http://www.manahil.com/manahilsarwar#1930-0013-BEL,None,None
http://www.manahil.com/manahilsarwar#1930-0024-DMA,None,None
http://www.manahil.com/manahilsarwar#1930-0009-DOM,None,None
http://www.manahil.com/manahilsarwar#1930-0027-FRA,None,None
http://www.manahil.com/manahilsarwar#1930-0007-GRC,None,None
http://www.manahil.com/manahilsarwar#1930-0003-IDN,None,None
http://www.manahil.com/manahilsarwar#1931-9014-CAN,None,None
http://www.manahil.com/manahilsarwar#1931-0007-CHN,None,None
http://www.manahil.com/manahilsarwar#1931-0009-BLZ,None,None
http://www.manahil.com/manahilsarwar#1931-0005-ECU,None,None
http://www.manahil.com/manahilsarwar#1931-0006-FJI,None,None
http://www.manahil.com/manahilsarwar#1931-0010-HND,None,None
http://www.manahil.com/manahilsarwar#1931-0012-IDN,None,None
http://www.manahil.com/manahilsarwar#1932-0006-CUB,None,None
http://www.manahil.com/manahilsarwar#1932-0013-FRA,None,None
http://www.manahil.com/manahilsarwar#1932-0009-IDN,0.5,126
http://www.manahil.com/manahilsarwar#1933-0021-CHN,31.9,103.4
http://www.manahil.com/manahilsarwar#1933-0013-CHN,None,None
http://www.manahil.com/manahilsarwar#1934-0005-CHN,None,None
http://www.manahil.com/manahilsarwar#1935-0009-BHS,None,None
http://www.manahil.com/manahilsarwar#1935-0019-CHN,None,None
http://www.manahil.com/manahilsarwar#1935-0008-CUB,None,None
http://www.manahil.com/manahilsarwar#1935-0012-HTI,None,None
http://www.manahil.com/manahilsarwar#1935-0015-IND,None,None
http://www.manahil.com/manahilsarwar#1935-0014-IND,None,None
http://www.manahil.com/manahilsarwar#1936-0015-IDN,6.1,94.7
http://www.manahil.com/manahilsarwar#1936-0006-CAN,None,None
http://www.manahil.com/manahilsarwar#1936-0011-IDN,3.5,97.5
http://www.manahil.com/manahilsarwar#1936-0009-IND,None,None
http://www.manahil.com/manahilsarwar#1937-0006-BGD,None,None
http://www.manahil.com/manahilsarwar#1937-0011-HKG,None,None
http://www.manahil.com/manahilsarwar#1938-0009-IDN,-0.557,118.881
http://www.manahil.com/manahilsarwar#1939-0001-CHL,-36.305,-72.315
http://www.manahil.com/manahilsarwar#1939-0005-GHA,5.552,-0.628
http://www.manahil.com/manahilsarwar#1939-0017-AUS,None,None
http://www.manahil.com/manahilsarwar#1939-0006-CHN,None,None
http://www.manahil.com/manahilsarwar#1940-9002-BFA,None,None
http://www.manahil.com/manahilsarwar#1940-9002-CPV,None,None
http://www.manahil.com/manahilsarwar#1940-9002-GMB,None,None
http://www.manahil.com/manahilsarwar#1940-9002-GNB,None,None
http://www.manahil.com/manahilsarwar#1941-0003-BGD,None,None
http://www.manahil.com/manahilsarwar#1941-0002-FJI,None,None
http://www.manahil.com/manahilsarwar#1942-9003-IND,None,None
http://www.manahil.com/manahilsarwar#1942-0008-BGD,None,None
http://www.manahil.com/manahilsarwar#1942-0021-CHN,None,None
http://www.manahil.com/manahilsarwar#1942-0005-COK,None,None
http://www.manahil.com/manahilsarwar#1942-0001-ECU,-0.025,-79.955
http://www.manahil.com/manahilsarwar#1942-0009-IND,None,None
http://www.manahil.com/manahilsarwar#1943-0010-CHL,-31.432,-71.475
http://www.manahil.com/manahilsarwar#1943-9002-BGD,None,None
http://www.manahil.com/manahilsarwar#1943-0009-COK,None,None
http://www.manahil.com/manahilsarwar#1943-0024-IDN,-8.591,109.803
http://www.manahil.com/manahilsarwar#1943-0011-IND,None,None
http://www.manahil.com/manahilsarwar#1943-0012-IND,None,None
http://www.manahil.com/manahilsarwar#1944-0011-CUB,None,None
http://www.manahil.com/manahilsarwar#1944-0002-ARG,-31.372,68.436
http://www.manahil.com/manahilsarwar#1944-0028-AUS,None,None
http://www.manahil.com/manahilsarwar#1944-0006-IND,None,None
http://www.manahil.com/manahilsarwar#1945-0009-BEL,None,None
http://www.manahil.com/manahilsarwar#1945-0004-BHS,None,None
http://www.manahil.com/manahilsarwar#1945-0005-IND,None,None
http://www.manahil.com/manahilsarwar#1946-0013-CHL,-26.5,-70.5
http://www.manahil.com/manahilsarwar#1946-0021-DOM,19.25,-69
http://www.manahil.com/manahilsarwar#1946-9004-CPV,None,None
http://www.manahil.com/manahilsarwar#1946-0022-AZO,None,None
http://www.manahil.com/manahilsarwar#1946-0018-CAN,None,None
http://www.manahil.com/manahilsarwar#1946-0005-COK,None,None
http://www.manahil.com/manahilsarwar#1946-0001-DZA,35.75,5
http://www.manahil.com/manahilsarwar#1947-0012-BGD,None,None
http://www.manahil.com/manahilsarwar#1947-9005-BGD,None,None
http://www.manahil.com/manahilsarwar#1947-0007-EGY,None,None
http://www.manahil.com/manahilsarwar#1947-0011-HKG,None,None
http://www.manahil.com/manahilsarwar#1948-0013-BMU,None,None
http://www.manahil.com/manahilsarwar#1948-0027-BRA,None,None
http://www.manahil.com/manahilsarwar#1948-0025-CHL,None,None
http://www.manahil.com/manahilsarwar#1948-0022-CHN,None,None
http://www.manahil.com/manahilsarwar#1948-0024-CHN,None,None
http://www.manahil.com/manahilsarwar#1948-0020-CHN,None,None
http://www.manahil.com/manahilsarwar#1948-0009-CUB,None,None
http://www.manahil.com/manahilsarwar#1948-0012-CUB,None,None
http://www.manahil.com/manahilsarwar#1948-0008-IND,None,None
http://www.manahil.com/manahilsarwar#1949-0010-ECU,-1.5,-78.2
http://www.manahil.com/manahilsarwar#1949-0005-CHL,-38,-73.5
http://www.manahil.com/manahilsarwar#1949-0015-CHL,-54,-71
http://www.manahil.com/manahilsarwar#1949-0024-BRA,None,None
http://www.manahil.com/manahilsarwar#1949-0025-CHN,None,None
http://www.manahil.com/manahilsarwar#1949-0002-COL,None,None
http://www.manahil.com/manahilsarwar#1949-0027-FRA,None,None
http://www.manahil.com/manahilsarwar#1949-0012-GTM,None,None
http://www.manahil.com/manahilsarwar#1949-0013-IND,None,None
http://www.manahil.com/manahilsarwar#1950-0008-IND,28.5,96.5
http://www.manahil.com/manahilsarwar#1950-0009-ATG,None,None
http://www.manahil.com/manahilsarwar#1950-0012-CAN,None,None
http://www.manahil.com/manahilsarwar#1950-0017-CAN,None,None
http://www.manahil.com/manahilsarwar#1950-0007-CHN,None,None
http://www.manahil.com/manahilsarwar#1950-0028-COL,7.8,-72.5
http://www.manahil.com/manahilsarwar#1950-0023-ECU,None,None
http://www.manahil.com/manahilsarwar#1950-0006-IND,None,None
http://www.manahil.com/manahilsarwar#1950-0011-IND,None,None
http://www.manahil.com/manahilsarwar#1950-0026-IND,None,None
http://www.manahil.com/manahilsarwar#1951-0036-BGD,None,None
http://www.manahil.com/manahilsarwar#1951-0029-CHE,None,None
http://www.manahil.com/manahilsarwar#1951-0018-CHN,None,None
http://www.manahil.com/manahilsarwar#1951-0005-COM,None,None
http://www.manahil.com/manahilsarwar#1951-0002-IDN,None,None
http://www.manahil.com/manahilsarwar#1952-0034-AUT,None,None
http://www.manahil.com/manahilsarwar#1952-0026-DZA,None,None
http://www.manahil.com/manahilsarwar#1952-0001-FJI,None,None
http://www.manahil.com/manahilsarwar#1952-0005-GBR,None,None
http://www.manahil.com/manahilsarwar#1952-0012-GBR,None,None
http://www.manahil.com/manahilsarwar#1952-0010-HTI,18.3,73.2
http://www.manahil.com/manahilsarwar#1952-0011-IND,None,None
http://www.manahil.com/manahilsarwar#1952-0025-IND,None,None
http://www.manahil.com/manahilsarwar#1953-0012-CHL,-37.093,-72.866
http://www.manahil.com/manahilsarwar#1953-0054-CYP,34.741,32.335
http://www.manahil.com/manahilsarwar#1953-0001-GRC,38.182,20.942
http://www.manahil.com/manahilsarwar#1953-0025-BEL,None,None
http://www.manahil.com/manahilsarwar#1953-0030-CAN,None,None
http://www.manahil.com/manahilsarwar#1953-0021-CHL,-22.1,-68.7
http://www.manahil.com/manahilsarwar#1953-0015-DFR,None,None
http://www.manahil.com/manahilsarwar#1953-0039-ECU,None,None
http://www.manahil.com/manahilsarwar#1953-0055-ESP,None,None
http://www.manahil.com/manahilsarwar#1953-0038-IDN,None,None
http://www.manahil.com/manahilsarwar#1953-0042-IND,None,None
http://www.manahil.com/manahilsarwar#1953-0045-IND,None,None
http://www.manahil.com/manahilsarwar#1954-0017-DZA,36.283,1.467
http://www.manahil.com/manahilsarwar#1954-0009-AFG,36,66
http://www.manahil.com/manahilsarwar#1954-0027-ANT,None,None
http://www.manahil.com/manahilsarwar#1954-0003-AUT,None,None
http://www.manahil.com/manahilsarwar#1954-0004-AUT,None,None
http://www.manahil.com/manahilsarwar#1954-0032-CAN,None,None
http://www.manahil.com/manahilsarwar#1954-0010-CHN,None,None
http://www.manahil.com/manahilsarwar#1954-0014-CHN,None,None
http://www.manahil.com/manahilsarwar#1954-0012-COL,None,None
http://www.manahil.com/manahilsarwar#1954-0064-COL,None,None
http://www.manahil.com/manahilsarwar#1954-0034-EGY,None,None
http://www.manahil.com/manahilsarwar#1954-0044-GRC,39.3,22.2
http://www.manahil.com/manahilsarwar#1954-0024-HTI,None,None
http://www.manahil.com/manahilsarwar#1954-0022-HTI,None,None
http://www.manahil.com/manahilsarwar#1954-0042-IDN,None,None
http://www.manahil.com/manahilsarwar#1954-0043-IND,None,None
http://www.manahil.com/manahilsarwar#1955-0015-IND,None,None
http://www.manahil.com/manahilsarwar#1955-0025-AIA,None,None
http://www.manahil.com/manahilsarwar#1955-0037-AUS,None,None
http://www.manahil.com/manahilsarwar#1955-0014-BLZ,None,None
http://www.manahil.com/manahilsarwar#1955-0011-BRB,None,None
http://www.manahil.com/manahilsarwar#1955-0031-CAN,None,None
http://www.manahil.com/manahilsarwar#1955-0038-CHN,30,101.8
http://www.manahil.com/manahilsarwar#1955-0020-EGY,32.2,29.6
http://www.manahil.com/manahilsarwar#1955-0040-IDN,None,None
http://www.manahil.com/manahilsarwar#1955-0019-IND,None,None
http://www.manahil.com/manahilsarwar#1955-0049-IND,None,None
http://www.manahil.com/manahilsarwar#1956-0037-GRC,36.664,25.957
http://www.manahil.com/manahilsarwar#1956-0008-AFG,35.1,67.5
http://www.manahil.com/manahilsarwar#1956-0039-AFG,None,None
http://www.manahil.com/manahilsarwar#1956-0028-BEL,None,None
http://www.manahil.com/manahilsarwar#1956-0030-BRA,None,None
http://www.manahil.com/manahilsarwar#1956-0033-BRA,None,None
http://www.manahil.com/manahilsarwar#1956-0013-CHN,None,None
http://www.manahil.com/manahilsarwar#1956-0001-CHN,None,None
http://www.manahil.com/manahilsarwar#1956-0056-ESP,37,-4
http://www.manahil.com/manahilsarwar#1956-0015-GLP,None,None
http://www.manahil.com/manahilsarwar#1956-0051-IDN,None,None
http://www.manahil.com/manahilsarwar#1956-0038-IND,23,70
http://www.manahil.com/manahilsarwar#1956-0047-IND,None,None
http://www.manahil.com/manahilsarwar#1956-0007-IND,None,None
http://www.manahil.com/manahilsarwar#1956-0012-IND,None,None
http://www.manahil.com/manahilsarwar#1956-0016-IND,None,None
http://www.manahil.com/manahilsarwar#1956-0046-IND,None,None
http://www.manahil.com/manahilsarwar#1957-0042-BRA,None,None
http://www.manahil.com/manahilsarwar#1957-0033-CHN,None,None
http://www.manahil.com/manahilsarwar#1957-0040-ESP,None,None
http://www.manahil.com/manahilsarwar#1957-0021-HKG,None,None
http://www.manahil.com/manahilsarwar#1958-0036-ARG,None,None
http://www.manahil.com/manahilsarwar#1958-0008-BGD,None,None
http://www.manahil.com/manahilsarwar#1958-0014-BGD,None,None
http://www.manahil.com/manahilsarwar#1958-0010-CHL,None,None
http://www.manahil.com/manahilsarwar#1958-0005-FJI,None,None
http://www.manahil.com/manahilsarwar#1958-0039-FRA,None,None
http://www.manahil.com/manahilsarwar#1958-0024-IDN,-9.5,112.5
http://www.manahil.com/manahilsarwar#1958-0033-IND,None,None
http://www.manahil.com/manahilsarwar#1958-0031-IND,None,None
http://www.manahil.com/manahilsarwar#1959-0006-CHN,None,None
http://www.manahil.com/manahilsarwar#1959-0042-BRA,None,None
http://www.manahil.com/manahilsarwar#1959-0047-BRA,None,None
http://www.manahil.com/manahilsarwar#1959-0023-CAN,None,None
http://www.manahil.com/manahilsarwar#1959-0009-CHN,None,None
http://www.manahil.com/manahilsarwar#1959-0011-CHN,None,None
http://www.manahil.com/manahilsarwar#1959-0034-CHN,None,None
http://www.manahil.com/manahilsarwar#1959-0035-COL,None,None
http://www.manahil.com/manahilsarwar#1959-0033-HKG,None,None
http://www.manahil.com/manahilsarwar#1959-0031-HTI,None,None
http://www.manahil.com/manahilsarwar#1960-0013-CHL,-38.143,-73.407
http://www.manahil.com/manahilsarwar#1960-0026-AIA,None,None
http://www.manahil.com/manahilsarwar#1960-0025-ANT,None,None
http://www.manahil.com/manahilsarwar#1960-0024-ATG,None,None
http://www.manahil.com/manahilsarwar#1960-0030-BGD,None,None
http://www.manahil.com/manahilsarwar#1960-0031-BGD,None,None
http://www.manahil.com/manahilsarwar#1960-0001-BGD,None,None
http://www.manahil.com/manahilsarwar#1960-0033-DZA,36,4.1
http://www.manahil.com/manahilsarwar#1960-0042-HKG,None,None
http://www.manahil.com/manahilsarwar#1960-9039-HKG,None,None
http://www.manahil.com/manahilsarwar#1960-0040-HKG,None,None
http://www.manahil.com/manahilsarwar#1961-0004-BGD,None,None
http://www.manahil.com/manahilsarwar#1961-0005-BGD,None,None
http://www.manahil.com/manahilsarwar#1961-0046-BGD,None,None
http://www.manahil.com/manahilsarwar#1961-0013-BLZ,None,None
http://www.manahil.com/manahilsarwar#1961-9040-CAN,None,None
http://www.manahil.com/manahilsarwar#1961-0016-ETH,10.4,39.9
http://www.manahil.com/manahilsarwar#1961-0058-FRA,None,None
http://www.manahil.com/manahilsarwar#1961-0053-GRC,None,None
http://www.manahil.com/manahilsarwar#1961-0037-HKG,None,None
http://www.manahil.com/manahilsarwar#1961-0030-HKG,None,None
http://www.manahil.com/manahilsarwar#1961-0052-HND,None,None
http://www.manahil.com/manahilsarwar#1961-0055-IND,None,None
http://www.manahil.com/manahilsarwar#1962-0044-ALB,40.9,19.5
http://www.manahil.com/manahilsarwar#1962-0043-CAN,None,None
http://www.manahil.com/manahilsarwar#1962-0030-COL,5.173,-76.352
http://www.manahil.com/manahilsarwar#1962-0033-COL,None,None
http://www.manahil.com/manahilsarwar#1962-0003-DFR,None,None
http://www.manahil.com/manahilsarwar#1962-0008-ESP,None,None
http://www.manahil.com/manahilsarwar#1962-0012-GUM,None,None
http://www.manahil.com/manahilsarwar#1962-0015-HKG,None,None
http://www.manahil.com/manahilsarwar#1962-0039-HTI,None,None
http://www.manahil.com/manahilsarwar#1963-0065-AFG,None,None
http://www.manahil.com/manahilsarwar#1963-0055-BEL,None,None
http://www.manahil.com/manahilsarwar#1963-0013-BGD,None,None
http://www.manahil.com/manahilsarwar#1963-0079-BGD,None,None
http://www.manahil.com/manahilsarwar#1963-0069-BGD,None,None
http://www.manahil.com/manahilsarwar#1963-0031-BHS,None,None
http://www.manahil.com/manahilsarwar#1963-0011-CRI,None,None
http://www.manahil.com/manahilsarwar#1963-0030-CUB,None,None
http://www.manahil.com/manahilsarwar#1963-0020-DMA,None,None
http://www.manahil.com/manahilsarwar#1963-0027-DOM,None,None
http://www.manahil.com/manahilsarwar#1963-0037-DZA,None,None
http://www.manahil.com/manahilsarwar#1963-0024-GRD,None,None
http://www.manahil.com/manahilsarwar#1963-0028-HTI,None,None
http://www.manahil.com/manahilsarwar#1963-0038-HTI,None,None
http://www.manahil.com/manahilsarwar#1963-0034-HTI,None,None
http://www.manahil.com/manahilsarwar#1963-0008-IDN,None,None
http://www.manahil.com/manahilsarwar#1963-0066-IDN,None,None
http://www.manahil.com/manahilsarwar#1963-0064-IND,None,None
http://www.manahil.com/manahilsarwar#1964-9044-IND,None,None
http://www.manahil.com/manahilsarwar#1964-0016-AZO,38.8,-28.4
http://www.manahil.com/manahilsarwar#1964-0024-BGD,None,None
http://www.manahil.com/manahilsarwar#1964-0039-BGD,None,None
http://www.manahil.com/manahilsarwar#1964-0005-BRA,None,None
http://www.manahil.com/manahilsarwar#1964-0022-BRA,None,None
http://www.manahil.com/manahilsarwar#1964-0041-BRA,None,None
http://www.manahil.com/manahilsarwar#1964-0017-CHL,None,None
http://www.manahil.com/manahilsarwar#1964-0098-CHN,None,None
http://www.manahil.com/manahilsarwar#1964-0096-CUB,None,None
http://www.manahil.com/manahilsarwar#1964-0048-DOM,None,None
http://www.manahil.com/manahilsarwar#1964-9006-ECU,None,None
http://www.manahil.com/manahilsarwar#1964-0019-FJI,None,None
http://www.manahil.com/manahilsarwar#1964-0046-GLP,None,None
http://www.manahil.com/manahilsarwar#1964-0082-HKG,None,None
http://www.manahil.com/manahilsarwar#1964-0085-HKG,None,None
http://www.manahil.com/manahilsarwar#1964-0047-HTI,None,None
http://www.manahil.com/manahilsarwar#1964-0068-IND,None,None
http://www.manahil.com/manahilsarwar#1964-9009-IND,None,None
http://www.manahil.com/manahilsarwar#1965-0093-IDN,-2.608,-125.952
http://www.manahil.com/manahilsarwar#1965-9073-IND,None,None
http://www.manahil.com/manahilsarwar#1965-0048-ARG,None,None
http://www.manahil.com/manahilsarwar#1965-0028-BGD,None,None
http://www.manahil.com/manahilsarwar#1965-0034-BGD,None,None
http://www.manahil.com/manahilsarwar#1965-0068-BGD,None,None
http://www.manahil.com/manahilsarwar#1965-0070-BGR,None,None
http://www.manahil.com/manahilsarwar#1965-0054-BHS,None,None
http://www.manahil.com/manahilsarwar#1965-0071-BOL,None,None
http://www.manahil.com/manahilsarwar#1965-0030-BRA,None,None
http://www.manahil.com/manahilsarwar#1965-0047-BRA,None,None
http://www.manahil.com/manahilsarwar#1965-9003-BWA,None,None
http://www.manahil.com/manahilsarwar#1965-0088-CAN,None,None
http://www.manahil.com/manahilsarwar#1965-0051-CHE,None,None
http://www.manahil.com/manahilsarwar#1965-0016-CHL,-32.522,-71.233
http://www.manahil.com/manahilsarwar#1965-0095-CHL,None,None
http://www.manahil.com/manahilsarwar#1965-0040-CHL,None,None
http://www.manahil.com/manahilsarwar#1965-0099-CHL,None,None
http://www.manahil.com/manahilsarwar#1965-9080-CHN,None,None
http://www.manahil.com/manahilsarwar#1965-0065-COL,None,None
http://www.manahil.com/manahilsarwar#1965-0022-DOM,None,None
http://www.manahil.com/manahilsarwar#1965-0002-DZA,35.7,4.4
http://www.manahil.com/manahilsarwar#1965-0018-ECU,None,None
http://www.manahil.com/manahilsarwar#1965-9038-ETH,None,None
http://www.manahil.com/manahilsarwar#1965-0011-FJI,None,None
http://www.manahil.com/manahilsarwar#1965-0015-GRC,39.4,24
http://www.manahil.com/manahilsarwar#1965-0085-HKG,None,None
http://www.manahil.com/manahilsarwar#1965-0045-HND,None,None
http://www.manahil.com/manahilsarwar#1965-9032-HND,None,None
http://www.manahil.com/manahilsarwar#1965-0057-HND,None,None
http://www.manahil.com/manahilsarwar#1965-0096-IND,None,None
http://www.manahil.com/manahilsarwar#1966-9004-IDN,None,None
http://www.manahil.com/manahilsarwar#1966-0031-ARG,None,None
http://www.manahil.com/manahilsarwar#1966-0117-ASM,None,None
http://www.manahil.com/manahilsarwar#1966-0072-ATG,None,None
http://www.manahil.com/manahilsarwar#1966-0115-BEL,None,None
http://www.manahil.com/manahilsarwar#1966-9005-BFA,None,None
http://www.manahil.com/manahilsarwar#1966-0077-BGD,None,None
http://www.manahil.com/manahilsarwar#1966-0047-BGD,None,None
http://www.manahil.com/manahilsarwar#1966-0078-BHS,None,None
http://www.manahil.com/manahilsarwar#1966-0132-BHS,None,None
http://www.manahil.com/manahilsarwar#1966-0025-BOL,None,None
http://www.manahil.com/manahilsarwar#1966-0053-BOL,None,None
http://www.manahil.com/manahilsarwar#1966-0019-BRA,None,None
http://www.manahil.com/manahilsarwar#1966-0017-BRA,None,None
http://www.manahil.com/manahilsarwar#1966-0044-BRA,None,None
http://www.manahil.com/manahilsarwar#1966-0116-BRA,None,None
http://www.manahil.com/manahilsarwar#1966-0120-BRA,None,None
http://www.manahil.com/manahilsarwar#1966-0110-CAN,None,None
http://www.manahil.com/manahilsarwar#1966-0090-CHL,-25.494,-70.55
http://www.manahil.com/manahilsarwar#1966-0076-CUB,None,None
http://www.manahil.com/manahilsarwar#1966-0074-DOM,None,None
http://www.manahil.com/manahilsarwar#1966-0079-DZA,None,None
http://www.manahil.com/manahilsarwar#1966-0043-ECU,None,None
http://www.manahil.com/manahilsarwar#1966-0083-GBR,None,None
http://www.manahil.com/manahilsarwar#1966-0073-GLP,None,None
http://www.manahil.com/manahilsarwar#1966-0026-GRC,39.2,22
http://www.manahil.com/manahilsarwar#1966-0068-GRC,37.5,22.1
http://www.manahil.com/manahilsarwar#1966-0105-HKG,None,None
http://www.manahil.com/manahilsarwar#1966-0010-HKG,None,None
http://www.manahil.com/manahilsarwar#1966-9107-HKG,None,None
http://www.manahil.com/manahilsarwar#1966-0050-HKG,None,None
http://www.manahil.com/manahilsarwar#1966-0075-HTI,None,None
http://www.manahil.com/manahilsarwar#1966-0041-IDN,None,None
http://www.manahil.com/manahilsarwar#1966-0061-IDN,None,None
http://www.manahil.com/manahilsarwar#1966-0036-IDN,None,None
http://www.manahil.com/manahilsarwar#1966-0085-IND,None,None
http://www.manahil.com/manahilsarwar#1967-0101-IDN,-3.7,119.3
http://www.manahil.com/manahilsarwar#1967-0075-ALB,41.386,20.532
http://www.manahil.com/manahilsarwar#1967-0064-ARG,None,None
http://www.manahil.com/manahilsarwar#1967-0018-AUS,None,None
http://www.manahil.com/manahilsarwar#1967-9012-AUS,None,None
http://www.manahil.com/manahilsarwar#1967-0108-BEL,None,None
http://www.manahil.com/manahilsarwar#1967-0034-BGD,None,None
http://www.manahil.com/manahilsarwar#1967-0062-BGD,None,None
http://www.manahil.com/manahilsarwar#1967-0028-BRA,None,None
http://www.manahil.com/manahilsarwar#1967-0015-BRA,None,None
http://www.manahil.com/manahilsarwar#1967-0029-BRA,None,None
http://www.manahil.com/manahilsarwar#1967-0060-BRA,None,None
http://www.manahil.com/manahilsarwar#1967-0081-BRA,None,None
http://www.manahil.com/manahilsarwar#1967-0082-COG,None,None
http://www.manahil.com/manahilsarwar#1967-0078-COK,None,None
http://www.manahil.com/manahilsarwar#1967-0020-COL,2.849,-74.798
http://www.manahil.com/manahilsarwar#1967-0070-DZA,None,None
http://www.manahil.com/manahilsarwar#1967-0053-ECU,None,None
http://www.manahil.com/manahilsarwar#1967-0019-ECU,None,None
http://www.manahil.com/manahilsarwar#1967-0041-FRA,None,None
http://www.manahil.com/manahilsarwar#1967-0131-FRA,43.2,-0.5
http://www.manahil.com/manahilsarwar#1967-0032-GRC,39.5,21.2
http://www.manahil.com/manahilsarwar#1967-0096-HKG,None,None
http://www.manahil.com/manahilsarwar#1967-0095-HKG,None,None
http://www.manahil.com/manahilsarwar#1967-0102-IDN,-8.965,113.017
http://www.manahil.com/manahilsarwar#1967-0007-IDN,None,None
http://www.manahil.com/manahilsarwar#1967-0013-IDN,None,None
http://www.manahil.com/manahilsarwar#1967-0038-IDN,None,None
http://www.manahil.com/manahilsarwar#1967-0076-IDN,None,None
http://www.manahil.com/manahilsarwar#1967-0077-IND,17.412,73.885
http://www.manahil.com/manahilsarwar#1967-0063-IND,None,None
http://www.manahil.com/manahilsarwar#1967-0004-IND,None,None
http://www.manahil.com/manahilsarwar#1968-0032-GRC,39.368,24.957
http://www.manahil.com/manahilsarwar#1968-0077-AUS,-31.566,117.071
http://www.manahil.com/manahilsarwar#1968-0080-AUS,None,None
http://www.manahil.com/manahilsarwar#1968-0040-BGD,None,None
http://www.manahil.com/manahilsarwar#1968-0054-BGD,None,None
http://www.manahil.com/manahilsarwar#1968-0031-BOL,None,None
http://www.manahil.com/manahilsarwar#1968-0131-BRA,None,None
http://www.manahil.com/manahilsarwar#1968-9004-BWA,None,None
http://www.manahil.com/manahilsarwar#1968-0027-CHE,None,None
http://www.manahil.com/manahilsarwar#1968-9008-CHL,None,None
http://www.manahil.com/manahilsarwar#1968-0057-CHL,None,None
http://www.manahil.com/manahilsarwar#1968-0028-COL,None,None
http://www.manahil.com/manahilsarwar#1968-0059-CRI,None,None
http://www.manahil.com/manahilsarwar#1968-0076-CUB,None,None
http://www.manahil.com/manahilsarwar#1968-0056-DFR,None,None
http://www.manahil.com/manahilsarwar#1968-9009-DOM,None,None
http://www.manahil.com/manahilsarwar#1968-0048-ETH,None,None
http://www.manahil.com/manahilsarwar#1968-0022-GBR,None,None
http://www.manahil.com/manahilsarwar#1968-0053-GHA,None,None
http://www.manahil.com/manahilsarwar#1968-9010-GMB,None,None
http://www.manahil.com/manahilsarwar#1968-0112-HKG,None,None
http://www.manahil.com/manahilsarwar#1968-0067-HKG,None,None
http://www.manahil.com/manahilsarwar#1968-0106-HKG,None,None
http://www.manahil.com/manahilsarwar#1968-0108-HKG,None,None
http://www.manahil.com/manahilsarwar#1968-9006-HTI,None,None
http://www.manahil.com/manahilsarwar#1968-0064-IDN,0.157,119.802
http://www.manahil.com/manahilsarwar#1968-0003-IDN,None,None
http://www.manahil.com/manahilsarwar#1968-0038-IDN,None,None
http://www.manahil.com/manahilsarwar#1968-0055-IND,None,None
http://www.manahil.com/manahilsarwar#1968-0074-IND,None,None
http://www.manahil.com/manahilsarwar#1968-0084-IND,None,None
http://www.manahil.com/manahilsarwar#1969-9007-AFG,None,None
http://www.manahil.com/manahilsarwar#1969-9006-BEN,None,None
http://www.manahil.com/manahilsarwar#1969-9006-BFA,None,None
http://www.manahil.com/manahilsarwar#1969-9006-CPV,None,None
http://www.manahil.com/manahilsarwar#1969-9006-GMB,None,None
http://www.manahil.com/manahilsarwar#1969-9006-GNB,None,None
http://www.manahil.com/manahilsarwar#1969-0004-BFA,None,None
http://www.manahil.com/manahilsarwar#1969-0099-BFA,None,None
http://www.manahil.com/manahilsarwar#1969-0065-BGD,None,None
http://www.manahil.com/manahilsarwar#1969-0048-BOL,None,None
http://www.manahil.com/manahilsarwar#1969-0108-BOL,None,None
http://www.manahil.com/manahilsarwar#1969-0057-BRA,None,None
http://www.manahil.com/manahilsarwar#1969-0082-CHN,22.317,111.8
http://www.manahil.com/manahilsarwar#1969-0066-CHN,None,None
http://www.manahil.com/manahilsarwar#1969-0110-COL,None,None
http://www.manahil.com/manahilsarwar#1969-0103-CRI,None,None
http://www.manahil.com/manahilsarwar#1969-0112-CYP,None,None
http://www.manahil.com/manahilsarwar#1969-0096-DZA,None,None
http://www.manahil.com/manahilsarwar#1969-0068-ECU,None,None
http://www.manahil.com/manahilsarwar#1969-0061-ETH,11.9,41.21
http://www.manahil.com/manahilsarwar#1969-9009-ETH,None,None
http://www.manahil.com/manahilsarwar#1969-0074-FRA,None,None
http://www.manahil.com/manahilsarwar#1969-0091-GTM,None,None
http://www.manahil.com/manahilsarwar#1969-0072-GTM,None,None
http://www.manahil.com/manahilsarwar#1969-0131-HKG,None,None
http://www.manahil.com/manahilsarwar#1969-0129-HKG,None,None
http://www.manahil.com/manahilsarwar#1969-0130-HKG,None,None
http://www.manahil.com/manahilsarwar#1969-0133-HKG,None,None
http://www.manahil.com/manahilsarwar#1969-0089-HND,None,None
http://www.manahil.com/manahilsarwar#1969-0092-HND,None,None
http://www.manahil.com/manahilsarwar#1969-0052-IDN,-3.201,118.904
http://www.manahil.com/manahilsarwar#1969-0014-IDN,None,None
http://www.manahil.com/manahilsarwar#1969-0071-IND,None,None
http://www.manahil.com/manahilsarwar#1969-0109-IND,None,None
http://www.manahil.com/manahilsarwar#1970-0013-ARG,None,None
http://www.manahil.com/manahilsarwar#1970-0109-AUS,None,None
http://www.manahil.com/manahilsarwar#1970-0044-BEN,None,None
http://www.manahil.com/manahilsarwar#1970-0063-BGD,None,None
http://www.manahil.com/manahilsarwar#1970-0026-BGD,None,None
http://www.manahil.com/manahilsarwar#1970-0035-BGD,None,None
http://www.manahil.com/manahilsarwar#1970-0058-BGD,None,None
http://www.manahil.com/manahilsarwar#1970-9005-BRA,None,None
http://www.manahil.com/manahilsarwar#1970-0037-BRA,None,None
http://www.manahil.com/manahilsarwar#1970-0054-BRB,None,None
http://www.manahil.com/manahilsarwar#1970-9073-BWA,None,None
http://www.manahil.com/manahilsarwar#1970-0042-CAN,None,None
http://www.manahil.com/manahilsarwar#1970-0018-CHE,None,None
http://www.manahil.com/manahilsarwar#1970-0010-CHN,24.185,102.543
http://www.manahil.com/manahilsarwar#1970-0090-CHN,None,None
http://www.manahil.com/manahilsarwar#1970-0057-CIV,None,None
http://www.manahil.com/manahilsarwar#1970-0051-COL,6.375,-77.438
http://www.manahil.com/manahilsarwar#1970-0021-COL,None,None
http://www.manahil.com/manahilsarwar#1970-0061-COL,None,None
http://www.manahil.com/manahilsarwar#1970-0069-COL,None,None
http://www.manahil.com/manahilsarwar#1970-0025-CRI,None,None
http://www.manahil.com/manahilsarwar#1970-0066-CRI,None,None
http://www.manahil.com/manahilsarwar#1970-0118-CUB,None,None
http://www.manahil.com/manahilsarwar#1970-0006-CYP,None,None
http://www.manahil.com/manahilsarwar#1970-0120-DMA,None,None
http://www.manahil.com/manahilsarwar#1970-0067-ECU,-4.026,-80.542
http://www.manahil.com/manahilsarwar#1970-0023-ECU,None,None
http://www.manahil.com/manahilsarwar#1970-0062-ECU,None,None
http://www.manahil.com/manahilsarwar#1970-0007-ETH,None,None
http://www.manahil.com/manahilsarwar#1970-0016-FRA,None,None
http://www.manahil.com/manahilsarwar#1970-0027-FRA,None,None
http://www.manahil.com/manahilsarwar#1970-0121-GLP,None,None
http://www.manahil.com/manahilsarwar#1970-0099-HKG,None,None
http://www.manahil.com/manahilsarwar#1970-0093-HKG,None,None
http://www.manahil.com/manahilsarwar#1970-0094-HKG,None,None
http://www.manahil.com/manahilsarwar#1970-0097-HKG,None,None
http://www.manahil.com/manahilsarwar#1970-0028-HUN,None,None
http://www.manahil.com/manahilsarwar#1970-0129-IDN,None,None
http://www.manahil.com/manahilsarwar#1970-0112-IND,21.7,73
http://www.manahil.com/manahilsarwar#1971-0042-CHL,-32.601,-71.076
http://www.manahil.com/manahilsarwar#1971-0044-AFG,None,None
http://www.manahil.com/manahilsarwar#1971-9085-AFG,None,None
http://www.manahil.com/manahilsarwar#1971-0015-AUS,None,None
http://www.manahil.com/manahilsarwar#1971-0096-AUS,None,None
http://www.manahil.com/manahilsarwar#1971-0119-BEL,None,None
http://www.manahil.com/manahilsarwar#1971-0032-BGD,None,None
http://www.manahil.com/manahilsarwar#1971-0017-BRA,None,None
http://www.manahil.com/manahilsarwar#1971-0027-BRA,None,None
http://www.manahil.com/manahilsarwar#1971-0118-CAN,None,None
http://www.manahil.com/manahilsarwar#1971-0031-CAN,None,None
http://www.manahil.com/manahilsarwar#1971-0039-CHL,None,None
http://www.manahil.com/manahilsarwar#1971-9001-CMR,None,None
http://www.manahil.com/manahilsarwar#1971-0135-COL,None,None
http://www.manahil.com/manahilsarwar#1971-0018-COL,None,None
http://www.manahil.com/manahilsarwar#1971-0127-COL,None,None
http://www.manahil.com/manahilsarwar#1971-0019-ECU,None,None
http://www.manahil.com/manahilsarwar#1971-0040-ECU,None,None
http://www.manahil.com/manahilsarwar#1971-0010-ESP,None,None
http://www.manahil.com/manahilsarwar#1971-0046-ESP,None,None
http://www.manahil.com/manahilsarwar#1971-9003-GHA,None,None
http://www.manahil.com/manahilsarwar#1971-0041-GUY,None,None
http://www.manahil.com/manahilsarwar#1971-0049-HKG,None,None
http://www.manahil.com/manahilsarwar#1971-0100-HKG,None,None
http://www.manahil.com/manahilsarwar#1971-0102-HKG,None,None
http://www.manahil.com/manahilsarwar#1971-0132-HND,None,None
http://www.manahil.com/manahilsarwar#1971-0058-IND,None,None
http://www.manahil.com/manahilsarwar#1971-0112-IND,None,None
http://www.manahil.com/manahilsarwar#1972-0002-AFG,None,None
http://www.manahil.com/manahilsarwar#1972-0014-ARG,None,None
http://www.manahil.com/manahilsarwar#1972-0142-BEL,None,None
http://www.manahil.com/manahilsarwar#1972-0026-BGD,None,None
http://www.manahil.com/manahilsarwar#1972-0041-BGD,None,None
http://www.manahil.com/manahilsarwar#1972-0017-BWA,None,None
http://www.manahil.com/manahilsarwar#1972-0018-COL,None,None
http://www.manahil.com/manahilsarwar#1972-0061-DFR,None,None
http://www.manahil.com/manahilsarwar#1972-0060-ESP,None,None
http://www.manahil.com/manahilsarwar#1972-0059-FJI,None,None
http://www.manahil.com/manahilsarwar#1972-0144-GBR,None,None
http://www.manahil.com/manahilsarwar#1972-0038-HKG,None,None
http://www.manahil.com/manahilsarwar#1972-0097-HKG,None,None
http://www.manahil.com/manahilsarwar#1972-0098-HKG,None,None
http://www.manahil.com/manahilsarwar#1972-0099-HKG,None,None
http://www.manahil.com/manahilsarwar#1972-0100-HKG,None,None
http://www.manahil.com/manahilsarwar#1972-0101-HKG,None,None
http://www.manahil.com/manahilsarwar#1972-9077-HND,None,None
http://www.manahil.com/manahilsarwar#1972-0033-HTI,None,None
http://www.manahil.com/manahilsarwar#1972-9131-IDN,None,None
http://www.manahil.com/manahilsarwar#1972-0051-IND,None,None
http://www.manahil.com/manahilsarwar#1972-0063-IND,None,None
http://www.manahil.com/manahilsarwar#1972-9116-IND,None,None
http://www.manahil.com/manahilsarwar#1973-9005-ETH,None,None
http://www.manahil.com/manahilsarwar#1973-0002-ARG,None,None
http://www.manahil.com/manahilsarwar#1973-0051-AUS,None,None
http://www.manahil.com/manahilsarwar#1973-0053-BGD,None,None
http://www.manahil.com/manahilsarwar#1973-0023-BGD,None,None
http://www.manahil.com/manahilsarwar#1973-0123-BGD,None,None
http://www.manahil.com/manahilsarwar#1973-0125-BGD,None,None
http://www.manahil.com/manahilsarwar#1973-0130-BGD,None,None
http://www.manahil.com/manahilsarwar#1973-0019-BRA,None,None
http://www.manahil.com/manahilsarwar#1973-0038-CAF,None,None
http://www.manahil.com/manahilsarwar#1973-0043-COL,None,None
http://www.manahil.com/manahilsarwar#1973-0029-COL,None,None
http://www.manahil.com/manahilsarwar#1973-0030-COL,None,None
http://www.manahil.com/manahilsarwar#1973-0024-CRI,10.679,-84.759
http://www.manahil.com/manahilsarwar#1973-9004-CRI,None,None
http://www.manahil.com/manahilsarwar#1973-0016-DZA,None,None
http://www.manahil.com/manahilsarwar#1973-0126-ECU,None,None
http://www.manahil.com/manahilsarwar#1973-0111-ECU,None,None
http://www.manahil.com/manahilsarwar#1973-0046-ESP,None,None
http://www.manahil.com/manahilsarwar#1973-0010-ESP,None,None
http://www.manahil.com/manahilsarwar#1973-0021-FJI,None,None
http://www.manahil.com/manahilsarwar#1973-0052-FJI,None,None
http://www.manahil.com/manahilsarwar#1973-0059-GMB,None,None
http://www.manahil.com/manahilsarwar#1973-0027-GTM,None,None
http://www.manahil.com/manahilsarwar#1973-0103-HKG,None,None
http://www.manahil.com/manahilsarwar#1973-0095-HKG,None,None
http://www.manahil.com/manahilsarwar#1973-0096-HKG,None,None
http://www.manahil.com/manahilsarwar#1973-0039-HND,None,None
http://www.manahil.com/manahilsarwar#1973-0028-IDN,None,None
http://www.manahil.com/manahilsarwar#1973-0009-IND,None,None
http://www.manahil.com/manahilsarwar#1973-0054-IND,None,None
http://www.manahil.com/manahilsarwar#1974-0011-ARG,None,None
http://www.manahil.com/manahilsarwar#1974-0061-AUS,None,None
http://www.manahil.com/manahilsarwar#1974-0091-AUS,None,None
http://www.manahil.com/manahilsarwar#1974-9100-AUS,None,None
http://www.manahil.com/manahilsarwar#1974-0096-AUS,None,None
http://www.manahil.com/manahilsarwar#1974-0042-BGD,None,None
http://www.manahil.com/manahilsarwar#1974-0059-BGD,None,None
http://www.manahil.com/manahilsarwar#1974-9049-BGD,None,None
http://www.manahil.com/manahilsarwar#1974-0034-BGD,None,None
http://www.manahil.com/manahilsarwar#1974-0147-BGD,None,None
http://www.manahil.com/manahilsarwar#1974-0046-BLZ,None,None
http://www.manahil.com/manahilsarwar#1974-0010-BOL,None,None
http://www.manahil.com/manahilsarwar#1974-0024-BRA,None,None
http://www.manahil.com/manahilsarwar#1974-0053-BRA,None,None
http://www.manahil.com/manahilsarwar#1974-0127-BRA,None,None
http://www.manahil.com/manahilsarwar#1974-0015-BRA,None,None
http://www.manahil.com/manahilsarwar#1974-0133-CAN,None,None
http://www.manahil.com/manahilsarwar#1974-0134-CAN,None,None
http://www.manahil.com/manahilsarwar#1974-0027-CHL,None,None
http://www.manahil.com/manahilsarwar#1974-0025-CHN,28.4,104.1
http://www.manahil.com/manahilsarwar#1974-0031-COL,None,None
http://www.manahil.com/manahilsarwar#1974-0048-COL,None,None
http://www.manahil.com/manahilsarwar#1974-0009-CSK,None,None
http://www.manahil.com/manahilsarwar#1974-0043-DFR,None,None
http://www.manahil.com/manahilsarwar#1974-0017-DZA,None,None
http://www.manahil.com/manahilsarwar#1974-0110-HKG,None,None
http://www.manahil.com/manahilsarwar#1974-0111-HKG,None,None
http://www.manahil.com/manahilsarwar#1974-0114-HKG,None,None
http://www.manahil.com/manahilsarwar#1974-0115-HKG,None,None
http://www.manahil.com/manahilsarwar#1974-0117-HKG,None,None
http://www.manahil.com/manahilsarwar#1974-0047-HND,None,None
http://www.manahil.com/manahilsarwar#1974-9055-HTI,None,None
http://www.manahil.com/manahilsarwar#1974-0002-IDN,None,None
http://www.manahil.com/manahilsarwar#1974-0045-IND,None,None
http://www.manahil.com/manahilsarwar#1974-0122-IND,None,None
http://www.manahil.com/manahilsarwar#1975-0154-CHN,None,None
http://www.manahil.com/manahilsarwar#1975-0023-ARG,None,None
http://www.manahil.com/manahilsarwar#1975-0131-AUS,None,None
http://www.manahil.com/manahilsarwar#1975-0102-AUS,None,None
http://www.manahil.com/manahilsarwar#1975-0103-AUS,None,None
http://www.manahil.com/manahilsarwar#1975-0130-AUS,None,None
http://www.manahil.com/manahilsarwar#1975-0026-AUT,None,None
http://www.manahil.com/manahilsarwar#1975-0039-BRA,None,None
http://www.manahil.com/manahilsarwar#1975-0145-BRA,None,None
http://www.manahil.com/manahilsarwar#1975-0068-BRA,None,None
http://www.manahil.com/manahilsarwar#1975-0042-BRA,None,None
http://www.manahil.com/manahilsarwar#1975-0020-CAN,None,None
http://www.manahil.com/manahilsarwar#1975-0122-CAN,None,None
http://www.manahil.com/manahilsarwar#1975-0024-CHE,None,None
http://www.manahil.com/manahilsarwar#1975-0017-CHN,40.641,122.58
http://www.manahil.com/manahilsarwar#1975-0032-CRI,None,None
http://www.manahil.com/manahilsarwar#1975-0041-ECU,None,None
http://www.manahil.com/manahilsarwar#1975-0147-ECU,None,None
http://www.manahil.com/manahilsarwar#1975-0019-EGY,None,None
http://www.manahil.com/manahilsarwar#1975-0015-FJI,None,None
http://www.manahil.com/manahilsarwar#1975-0124-GRD,None,None
http://www.manahil.com/manahilsarwar#1975-0109-HKG,None,None
http://www.manahil.com/manahilsarwar#1975-0119-HKG,None,None
http://www.manahil.com/manahilsarwar#1975-0107-HKG,None,None
http://www.manahil.com/manahilsarwar#1975-0110-HKG,None,None
http://www.manahil.com/manahilsarwar#1975-0112-HKG,None,None
http://www.manahil.com/manahilsarwar#1975-0014-IND,32.455,78.43
http://www.manahil.com/manahilsarwar#1975-0058-IND,None,None
http://www.manahil.com/manahilsarwar#1975-0121-IND,None,None
http://www.manahil.com/manahilsarwar#1976-0028-AFG,36.61,67.79
http://www.manahil.com/manahilsarwar#1976-0031-AFG,None,None
http://www.manahil.com/manahilsarwar#1976-0128-AUS,None,None
http://www.manahil.com/manahilsarwar#1976-0129-AUS,None,None
http://www.manahil.com/manahilsarwar#1976-0163-AUS,None,None
http://www.manahil.com/manahilsarwar#1976-0164-AUS,None,None
http://www.manahil.com/manahilsarwar#1976-0165-AUS,None,None
http://www.manahil.com/manahilsarwar#1976-9126-AUS,None,None
http://www.manahil.com/manahilsarwar#1976-9127-AUS,None,None
http://www.manahil.com/manahilsarwar#1976-0067-AUS,None,None
http://www.manahil.com/manahilsarwar#1976-0131-AUS,None,None
http://www.manahil.com/manahilsarwar#1976-0177-AUT,None,None
http://www.manahil.com/manahilsarwar#1976-9162-BEL,None,None
http://www.manahil.com/manahilsarwar#1976-0161-BEL,None,None
http://www.manahil.com/manahilsarwar#1976-0027-BEN,None,None
http://www.manahil.com/manahilsarwar#1976-9152-BFA,None,None
http://www.manahil.com/manahilsarwar#1976-0034-BGD,None,None
http://www.manahil.com/manahilsarwar#1976-0133-BGD,None,None
http://www.manahil.com/manahilsarwar#1976-0041-BGD,None,None
http://www.manahil.com/manahilsarwar#1976-0149-CAN,None,None
http://www.manahil.com/manahilsarwar#1976-0179-CHE,None,None
http://www.manahil.com/manahilsarwar#1976-0050-CHN,39.57,117.978
http://www.manahil.com/manahilsarwar#1976-0055-CHN,30.37 N,104.06 E
http://www.manahil.com/manahilsarwar#1976-0036-COL,None,None
http://www.manahil.com/manahilsarwar#1976-0187-COL,None,None
http://www.manahil.com/manahilsarwar#1976-0070-CRI,None,None
http://www.manahil.com/manahilsarwar#1976-0030-CRI,None,None
http://www.manahil.com/manahilsarwar#1976-0026-CUB,None,None
http://www.manahil.com/manahilsarwar#1976-0018-DFR,None,None
http://www.manahil.com/manahilsarwar#1976-0173-DNK,None,None
http://www.manahil.com/manahilsarwar#1976-0033-ECU,0.782,79.804
http://www.manahil.com/manahilsarwar#1976-0068-ECU,0.14 S,78.30 W
http://www.manahil.com/manahilsarwar#1976-0077-ECU,-0.677,-78.436
http://www.manahil.com/manahilsarwar#1976-0025-ECU,None,None
http://www.manahil.com/manahilsarwar#1976-0032-ETH,None,None
http://www.manahil.com/manahilsarwar#1976-0178-FRA,None,None
http://www.manahil.com/manahilsarwar#1976-0172-GBR,None,None
http://www.manahil.com/manahilsarwar#1976-0058-GLP,None,None
http://www.manahil.com/manahilsarwar#1976-9152-GMB,None,None
http://www.manahil.com/manahilsarwar#1976-0024-GTM,15.324,-89.101
http://www.manahil.com/manahilsarwar#1976-0035-GUM,None,None
http://www.manahil.com/manahilsarwar#1976-0138-HKG,None,None
http://www.manahil.com/manahilsarwar#1976-0139-HKG,None,None
http://www.manahil.com/manahilsarwar#1976-0141-HKG,None,None
http://www.manahil.com/manahilsarwar#1976-9134-HKG,None,None
http://www.manahil.com/manahilsarwar#1976-0137-HKG,None,None
http://www.manahil.com/manahilsarwar#1976-0152-HND,None,None
http://www.manahil.com/manahilsarwar#1976-0043-IDN,-4.603,140.091
http://www.manahil.com/manahilsarwar#1976-0047-IDN,-8.17,114.888
http://www.manahil.com/manahilsarwar#1976-0071-IDN,-4.517,139.918
http://www.manahil.com/manahilsarwar#1976-0171-IDN,None,None
http://www.manahil.com/manahilsarwar#1976-0073-IDN,None,None
http://www.manahil.com/manahilsarwar#1976-0188-IDN,None,None
http://www.manahil.com/manahilsarwar#1976-0063-IND,None,None
http://www.manahil.com/manahilsarwar#1976-0074-IND,None,None
http://www.manahil.com/manahilsarwar#1976-0143-IND,None,None
http://www.manahil.com/manahilsarwar#1976-0144-IND,None,None
http://www.manahil.com/manahilsarwar#1976-0146-IND,None,None
http://www.manahil.com/manahilsarwar#1976-0147-IND,None,None
http://www.manahil.com/manahilsarwar#1977-0106-IDN,-11.164,118.378
http://www.manahil.com/manahilsarwar#1977-9062-GHA,None,None
http://www.manahil.com/manahilsarwar#1977-9002-HTI,None,None
http://www.manahil.com/manahilsarwar#1977-0137-ARG,-31.028,-67.767
http://www.manahil.com/manahilsarwar#1977-0146-ARG,None,None
http://www.manahil.com/manahilsarwar#1977-0223-AUS,None,None
http://www.manahil.com/manahilsarwar#1977-0225-AUS,None,None
http://www.manahil.com/manahilsarwar#1977-0227-AUS,None,None
http://www.manahil.com/manahilsarwar#1977-0224-AUS,None,None
http://www.manahil.com/manahilsarwar#1977-0226-AUS,None,None
http://www.manahil.com/manahilsarwar#1977-0144-BFA,None,None
http://www.manahil.com/manahilsarwar#1977-0124-BGD,None,None
http://www.manahil.com/manahilsarwar#1977-0060-BGD,None,None
http://www.manahil.com/manahilsarwar#1977-0109-BGD,None,None
http://www.manahil.com/manahilsarwar#1977-0054-BGD,None,None
http://www.manahil.com/manahilsarwar#1977-0110-BGD,None,None
http://www.manahil.com/manahilsarwar#1977-0125-BGD,None,None
http://www.manahil.com/manahilsarwar#1977-0048-BGR,45.77 N,26.76 E
http://www.manahil.com/manahilsarwar#1977-9005-BOL,None,None
http://www.manahil.com/manahilsarwar#1977-0036-BOL,None,None
http://www.manahil.com/manahilsarwar#1977-9006-BRA,None,None
http://www.manahil.com/manahilsarwar#1977-0061-BRA,None,None
http://www.manahil.com/manahilsarwar#1977-0077-BRA,None,None
http://www.manahil.com/manahilsarwar#1977-0105-BRA,None,None
http://www.manahil.com/manahilsarwar#1977-0232-BRA,None,None
http://www.manahil.com/manahilsarwar#1977-9294-CAN,None,None
http://www.manahil.com/manahilsarwar#1977-0203-CAN,None,None
http://www.manahil.com/manahilsarwar#1977-0209-CHE,None,None
http://www.manahil.com/manahilsarwar#1977-0087-CHL,None,None
http://www.manahil.com/manahilsarwar#1977-0069-COL,None,None
http://www.manahil.com/manahilsarwar#1977-0056-COM,None,None
http://www.manahil.com/manahilsarwar#1977-0073-CUB,None,None
http://www.manahil.com/manahilsarwar#1977-0120-DJI,None,None
http://www.manahil.com/manahilsarwar#1977-0001-ECU,None,None
http://www.manahil.com/manahilsarwar#1977-0030-ETH,None,None
http://www.manahil.com/manahilsarwar#1977-0128-ETH,None,None
http://www.manahil.com/manahilsarwar#1977-0084-FRA,None,None
http://www.manahil.com/manahilsarwar#1977-0211-GBR,None,None
http://www.manahil.com/manahilsarwar#1977-0011-GHA,None,None
http://www.manahil.com/manahilsarwar#1977-0129-GRC,None,None
http://www.manahil.com/manahilsarwar#1977-0198-HKG,None,None
http://www.manahil.com/manahilsarwar#1977-0200-HKG,None,None
http://www.manahil.com/manahilsarwar#1977-9195-HKG,None,None
http://www.manahil.com/manahilsarwar#1977-0196-HKG,None,None
http://www.manahil.com/manahilsarwar#1977-0251-IDN,None,None
http://www.manahil.com/manahilsarwar#1977-0091-IDN,None,None
http://www.manahil.com/manahilsarwar#1977-0013-IDN,None,None
http://www.manahil.com/manahilsarwar#1977-0138-IDN,None,None
http://www.manahil.com/manahilsarwar#1977-0014-IDN,None,None
http://www.manahil.com/manahilsarwar#1977-0043-IDN,None,None
http://www.manahil.com/manahilsarwar#1977-0046-IDN,None,None
http://www.manahil.com/manahilsarwar#1977-0094-IND,None,None
http://www.manahil.com/manahilsarwar#1977-0133-IND,None,None
http://www.manahil.com/manahilsarwar#1977-0201-IND,None,None
http://www.manahil.com/manahilsarwar#1977-0012-IND,None,None
http://www.manahil.com/manahilsarwar#1978-0083-AFG,None,None
http://www.manahil.com/manahilsarwar#1978-0004-ARG,None,None
http://www.manahil.com/manahilsarwar#1978-0049-AUS,None,None
http://www.manahil.com/manahilsarwar#1978-0072-BDI,None,None
http://www.manahil.com/manahilsarwar#1978-0053-BEN,None,None
http://www.manahil.com/manahilsarwar#1978-0097-BGD,None,None
http://www.manahil.com/manahilsarwar#1978-0061-BGD,None,None
http://www.manahil.com/manahilsarwar#1978-0051-BGD,None,None
http://www.manahil.com/manahilsarwar#1978-0068-BGD,None,None
http://www.manahil.com/manahilsarwar#1978-0096-BHR,None,None
http://www.manahil.com/manahilsarwar#1978-0030-BOL,None,None
http://www.manahil.com/manahilsarwar#1978-0006-BRA,None,None
http://www.manahil.com/manahilsarwar#1978-0073-CHL,None,None
http://www.manahil.com/manahilsarwar#1978-0034-CUB,None,None
http://www.manahil.com/manahilsarwar#1978-0062-DFR,None,None
http://www.manahil.com/manahilsarwar#1978-0029-DJI,None,None
http://www.manahil.com/manahilsarwar#1978-0077-ESP,None,None
http://www.manahil.com/manahilsarwar#1978-0098-ETH,None,None
http://www.manahil.com/manahilsarwar#1978-0032-FJI,None,None
http://www.manahil.com/manahilsarwar#1978-0010-FRA,None,None
http://www.manahil.com/manahilsarwar#1978-0081-GRC,40.739,23.229
http://www.manahil.com/manahilsarwar#1978-0038-IDN,None,None
http://www.manahil.com/manahilsarwar#1978-0088-IDN,None,None
http://www.manahil.com/manahilsarwar#1978-0014-IDN,None,None
http://www.manahil.com/manahilsarwar#1978-0064-IDN,None,None
http://www.manahil.com/manahilsarwar#1978-0044-IND,None,None
http://www.manahil.com/manahilsarwar#1978-0055-IND,None,None
http://www.manahil.com/manahilsarwar#1978-0056-IND,None,None
http://www.manahil.com/manahilsarwar#1978-0063-IND,None,None
http://www.manahil.com/manahilsarwar#1978-0012-IND,None,None
http://www.manahil.com/manahilsarwar#1978-0074-IND,None,None
http://www.manahil.com/manahilsarwar#1900-0003-USA,None,None
http://www.manahil.com/manahilsarwar#1900-0007-JAM,33,None
http://www.manahil.com/manahilsarwar#1900-0006-JAM,None,None
http://www.manahil.com/manahilsarwar#1900-0008-JPN,None,None
http://www.manahil.com/manahilsarwar#1901-0004-JPN,40.5,142.5
http://www.manahil.com/manahilsarwar#1901-0001-UGA,None,None
http://www.manahil.com/manahilsarwar#1902-0008-JPN,None,None
http://www.manahil.com/manahilsarwar#1902-0005-MMR,None,None
http://www.manahil.com/manahilsarwar#1902-0006-MTQ,None,None
http://www.manahil.com/manahilsarwar#1902-0011-SUN,40.8,72.3
http://www.manahil.com/manahilsarwar#1903-0008-JAM,None,None
http://www.manahil.com/manahilsarwar#1903-9001-NER,None,None
http://www.manahil.com/manahilsarwar#1903-0007-TUR,39.09,42.3
http://www.manahil.com/manahilsarwar#1903-0010-USA,None,None
http://www.manahil.com/manahilsarwar#1905-0007-JPN,37.4,142.6
http://www.manahil.com/manahilsarwar#1905-0001-ITA,38.67,16.07
http://www.manahil.com/manahilsarwar#1905-0004-PHL,None,None
http://www.manahil.com/manahilsarwar#1906-0013-USA,37.67,-122.48
http://www.manahil.com/manahilsarwar#1906-0012-ITA,40.821,14.426
http://www.manahil.com/manahilsarwar#1906-9025-NER,None,None
http://www.manahil.com/manahilsarwar#1906-0001-TWN,23.6,170.5
http://www.manahil.com/manahilsarwar#1906-0004-USA,None,None
http://www.manahil.com/manahilsarwar#1906-0005-USA,None,None
http://www.manahil.com/manahilsarwar#1907-0004-JAM,18.2,-76.8
http://www.manahil.com/manahilsarwar#1908-0007-ITA,38.17,15.58
http://www.manahil.com/manahilsarwar#1908-0006-ROU,None,None
http://www.manahil.com/manahilsarwar#1909-0007-IRN,33.55,48.48
http://www.manahil.com/manahilsarwar#1909-0016-JAM,None,None
http://www.manahil.com/manahilsarwar#1909-0014-MAR,35.34,-5.22
http://www.manahil.com/manahilsarwar#1909-0017-USA,None,None
http://www.manahil.com/manahilsarwar#1909-0003-USA,None,None
http://www.manahil.com/manahilsarwar#1909-0004-USA,None,None
http://www.manahil.com/manahilsarwar#1910-0019-JPN,None,None
http://www.manahil.com/manahilsarwar#1910-9006-MLI,None,None
http://www.manahil.com/manahilsarwar#1910-9006-MRT,None,None
http://www.manahil.com/manahilsarwar#1910-9006-NER,None,None
http://www.manahil.com/manahilsarwar#1910-9006-SEN,None,None
http://www.manahil.com/manahilsarwar#1910-9006-TCD,None,None
http://www.manahil.com/manahilsarwar#1910-0003-USA,None,None
http://www.manahil.com/manahilsarwar#1911-0001-PHL,None,None
http://www.manahil.com/manahilsarwar#1911-0006-TWN,None,None
http://www.manahil.com/manahilsarwar#1912-0006-TUR,40.41,27.15
http://www.manahil.com/manahilsarwar#1912-0011-JAM,None,None
http://www.manahil.com/manahilsarwar#1912-0008-JPN,None,None
http://www.manahil.com/manahilsarwar#1912-0010-PHL,None,None
http://www.manahil.com/manahilsarwar#1913-0002-NER,None,None
http://www.manahil.com/manahilsarwar#1913-0009-PER,-14.2,-72.9
http://www.manahil.com/manahilsarwar#1913-0008-ROU,43.5,25.5
http://www.manahil.com/manahilsarwar#1913-0005-USA,None,None
http://www.manahil.com/manahilsarwar#1914-0025-JPN,39.2,139.8
http://www.manahil.com/manahilsarwar#1914-0002-JPN,None,None
http://www.manahil.com/manahilsarwar#1914-0001-TKL,None,None
http://www.manahil.com/manahilsarwar#1915-0002-ITA,42.02,13.26
http://www.manahil.com/manahilsarwar#1915-0004-USA,32.47,-115.33
http://www.manahil.com/manahilsarwar#1915-0005-USA,None,None
http://www.manahil.com/manahilsarwar#1917-0006-JAM,None,None
http://www.manahil.com/manahilsarwar#1917-0005-JPN,None,None
http://www.manahil.com/manahilsarwar#1917-0002-SUN,None,None
http://www.manahil.com/manahilsarwar#1918-0011-PHL,8.29,124.4
http://www.manahil.com/manahilsarwar#1918-0008-PRI,18.06,-67.54
http://www.manahil.com/manahilsarwar#1918-0019-NZL,None,None
http://www.manahil.com/manahilsarwar#1918-0003-USA,None,None
http://www.manahil.com/manahilsarwar#1918-0007-USA,None,None
http://www.manahil.com/manahilsarwar#1919-0002-USA,None,None
http://www.manahil.com/manahilsarwar#1920-0014-ITA,44.3,10.3
http://www.manahil.com/manahilsarwar#1920-0016-USA,None,None
http://www.manahil.com/manahilsarwar#1921-9001-SUN,None,None
http://www.manahil.com/manahilsarwar#1922-0002-ITA,None,None
http://www.manahil.com/manahilsarwar#1923-0006-JPN,35.413,139.298
http://www.manahil.com/manahilsarwar#1923-0020-IRN,35.2,59.2
http://www.manahil.com/manahilsarwar#1923-0015-JAM,None,None
http://www.manahil.com/manahilsarwar#1923-0007-JPN,None,None
http://www.manahil.com/manahilsarwar#1923-0009-JPN,None,None
http://www.manahil.com/manahilsarwar#1923-0004-MMR,None,None
http://www.manahil.com/manahilsarwar#1923-0002-NER,None,None
http://www.manahil.com/manahilsarwar#1923-0005-SUN,None,None
http://www.manahil.com/manahilsarwar#1923-0001-SUN,None,None
http://www.manahil.com/manahilsarwar#1924-0002-TWN,None,None
http://www.manahil.com/manahilsarwar#1925-0006-TKL,None,None
http://www.manahil.com/manahilsarwar#1925-0001-USA,None,None
http://www.manahil.com/manahilsarwar#1925-0005-USA,34.25 N,119.41 W
http://www.manahil.com/manahilsarwar#1926-0019-JPN,None,None
http://www.manahil.com/manahilsarwar#1926-0005-MMR,None,None
http://www.manahil.com/manahilsarwar#1926-0010-PAK,None,None
http://www.manahil.com/manahilsarwar#1926-0002-ROU,None,None
http://www.manahil.com/manahilsarwar#1926-0003-USA,None,None
http://www.manahil.com/manahilsarwar#1926-0011-USA,None,None
http://www.manahil.com/manahilsarwar#1927-0007-JOR,31.922,35.633
http://www.manahil.com/manahilsarwar#1927-0004-JPN,35.632,135.013
http://www.manahil.com/manahilsarwar#1927-0010-USA,None,None
http://www.manahil.com/manahilsarwar#1928-0017-KNA,None,None
http://www.manahil.com/manahilsarwar#1928-0016-MSR,None,None
http://www.manahil.com/manahilsarwar#1928-0010-POL,None,None
http://www.manahil.com/manahilsarwar#1928-0013-PRI,None,None
http://www.manahil.com/manahilsarwar#1928-0009-ROU,None,None
http://www.manahil.com/manahilsarwar#1928-0006-ROU,None,None
http://www.manahil.com/manahilsarwar#1928-0005-TUR,38.25 N,27.10 E
http://www.manahil.com/manahilsarwar#1928-0014-USA,None,None
http://www.manahil.com/manahilsarwar#1929-0013-NZL,-41.55,172.25
http://www.manahil.com/manahilsarwar#1929-0012-IRN,37.8,57.8
http://www.manahil.com/manahilsarwar#1929-0001-MEX,None,None
http://www.manahil.com/manahilsarwar#1930-0006-MMR,17.86,96.43
http://www.manahil.com/manahilsarwar#1930-0025-IRN,38.087,44.781
http://www.manahil.com/manahilsarwar#1930-0008-ITA,40.922,15.377
http://www.manahil.com/manahilsarwar#1930-0012-JPN,35.05,139.129
http://www.manahil.com/manahilsarwar#1930-0017-MMR,18.233,96.298
http://www.manahil.com/manahilsarwar#1930-0002-NER,None,None
http://www.manahil.com/manahilsarwar#1931-0001-NIC,13.2,-85.7
http://www.manahil.com/manahilsarwar#1931-0004-NZL,-39.659,176.42
http://www.manahil.com/manahilsarwar#1931-0008-PHL,None,None
http://www.manahil.com/manahilsarwar#1931-0011-SLB,11.117,161.11
http://www.manahil.com/manahilsarwar#1932-0008-JAM,None,None
http://www.manahil.com/manahilsarwar#1932-0003-PHL,None,None
http://www.manahil.com/manahilsarwar#1932-0005-PRI,None,None
http://www.manahil.com/manahilsarwar#1932-0014-USA,None,None
http://www.manahil.com/manahilsarwar#1932-0002-USA,None,None
http://www.manahil.com/manahilsarwar#1933-0007-USA,33.62,117.97
http://www.manahil.com/manahilsarwar#1933-0002-JAM,None,None
http://www.manahil.com/manahilsarwar#1933-0009-JAM,None,None
http://www.manahil.com/manahilsarwar#1933-0001-JPN,39.224,144.622
http://www.manahil.com/manahilsarwar#1933-0008-TTO,None,None
http://www.manahil.com/manahilsarwar#1933-0004-USA,None,None
http://www.manahil.com/manahilsarwar#1934-0008-JPN,None,None
http://www.manahil.com/manahilsarwar#1934-0010-PHL,None,None
http://www.manahil.com/manahilsarwar#1934-0011-PHL,None,None
http://www.manahil.com/manahilsarwar#1934-0006-ROU,None,None
http://www.manahil.com/manahilsarwar#1934-0007-SLV,None,None
http://www.manahil.com/manahilsarwar#1935-0005-PAK,29.5,66.8
http://www.manahil.com/manahilsarwar#1935-0010-JAM,None,None
http://www.manahil.com/manahilsarwar#1935-0003-TWN,24.3,124.3
http://www.manahil.com/manahilsarwar#1935-0006-TWN,24.6,120.8
http://www.manahil.com/manahilsarwar#1935-0001-UGA,None,None
http://www.manahil.com/manahilsarwar#1935-0007-USA,None,None
http://www.manahil.com/manahilsarwar#1936-0007-KOR,None,None
http://www.manahil.com/manahilsarwar#1936-0004-MMR,None,None
http://www.manahil.com/manahilsarwar#1936-0001-NOR,None,None
http://www.manahil.com/manahilsarwar#1936-0008-PHL,None,None
http://www.manahil.com/manahilsarwar#1936-0003-USA,None,None
http://www.manahil.com/manahilsarwar#1936-0005-USA,None,None
http://www.manahil.com/manahilsarwar#1937-0010-JAM,None,None
