Disaster,Startyear,Endyear
http://www.manahil.com/manahilsarwar#1910-9006-BFA,1910,1914
http://www.manahil.com/manahilsarwar#1910-0016-CAN,1910,1910
http://www.manahil.com/manahilsarwar#1910-0001-CHN,1910,1910
http://www.manahil.com/manahilsarwar#1910-9006-CPV,1910,1914
http://www.manahil.com/manahilsarwar#1910-0004-CRI,1910,1910
http://www.manahil.com/manahilsarwar#1910-0005-DZA,1910,1910
http://www.manahil.com/manahilsarwar#1910-9006-GMB,1910,1914
http://www.manahil.com/manahilsarwar#1910-9006-GNB,1910,1914
http://www.manahil.com/manahilsarwar#1910-0019-JPN,1910,1910
http://www.manahil.com/manahilsarwar#1910-9006-MLI,1910,1914
http://www.manahil.com/manahilsarwar#1910-9006-MRT,1910,1914
http://www.manahil.com/manahilsarwar#1910-9006-NER,1910,1914
http://www.manahil.com/manahilsarwar#1910-9006-SEN,1910,1914
http://www.manahil.com/manahilsarwar#1910-9006-TCD,1910,1914
http://www.manahil.com/manahilsarwar#1910-0003-USA,1910,1910
