Disaster,OFDA,appeal,decleration
http://www.manahil.com/manahilsarwar#1900-9002-CPV,None,No,No
http://www.manahil.com/manahilsarwar#1900-9001-IND,None,No,No
http://www.manahil.com/manahilsarwar#1902-0012-GTM,None,None,None
http://www.manahil.com/manahilsarwar#1902-0003-GTM,None,None,None
http://www.manahil.com/manahilsarwar#1902-0010-GTM,None,None,None
http://www.manahil.com/manahilsarwar#1903-0006-CAN,None,None,None
http://www.manahil.com/manahilsarwar#1903-0012-COM,None,No,No
http://www.manahil.com/manahilsarwar#1904-0003-BGD,None,None,None
http://www.manahil.com/manahilsarwar#1905-0005-CAN,None,None,None
http://www.manahil.com/manahilsarwar#1905-0003-IND,None,None,None
http://www.manahil.com/manahilsarwar#1906-0014-CHL,None,None,None
http://www.manahil.com/manahilsarwar#1906-0002-COL,None,No,No
http://www.manahil.com/manahilsarwar#1906-0023-BEL,None,None,None
http://www.manahil.com/manahilsarwar#1906-0024-BEL,None,None,None
http://www.manahil.com/manahilsarwar#1906-0015-HKG,None,No,No
http://www.manahil.com/manahilsarwar#1907-0006-CHN,None,None,None
http://www.manahil.com/manahilsarwar#1907-0001-IND,None,None,None
http://www.manahil.com/manahilsarwar#1908-0011-CAN,None,None,None
http://www.manahil.com/manahilsarwar#1909-0010-BGD,None,None,None
http://www.manahil.com/manahilsarwar#1909-0013-BGD,None,None,None
http://www.manahil.com/manahilsarwar#1909-0001-CHN,None,None,None
http://www.manahil.com/manahilsarwar#1909-0009-FRA,None,None,None
http://www.manahil.com/manahilsarwar#1909-0012-HTI,None,None,None
http://www.manahil.com/manahilsarwar#1909-0002-IDN,None,None,None
http://www.manahil.com/manahilsarwar#1910-9006-BFA,None,None,None
http://www.manahil.com/manahilsarwar#1910-0016-CAN,None,None,None
http://www.manahil.com/manahilsarwar#1910-0001-CHN,None,None,None
http://www.manahil.com/manahilsarwar#1910-9006-CPV,None,None,None
http://www.manahil.com/manahilsarwar#1910-0004-CRI,None,None,None
http://www.manahil.com/manahilsarwar#1910-0005-DZA,None,None,None
http://www.manahil.com/manahilsarwar#1910-9006-GMB,None,None,None
http://www.manahil.com/manahilsarwar#1910-9006-GNB,None,None,None
http://www.manahil.com/manahilsarwar#1911-0004-BGD,None,None,None
http://www.manahil.com/manahilsarwar#1911-0018-CAN,None,None,None
http://www.manahil.com/manahilsarwar#1911-0002-CHN,None,None,None
http://www.manahil.com/manahilsarwar#1912-0021-CAN,None,None,None
http://www.manahil.com/manahilsarwar#1912-0005-CHN,None,None,None
http://www.manahil.com/manahilsarwar#1914-0022-IDN,None,None,None
http://www.manahil.com/manahilsarwar#1915-0010-CAN,None,None,None
http://www.manahil.com/manahilsarwar#1915-0011-CHN,None,None,None
http://www.manahil.com/manahilsarwar#1915-0006-HTI,None,None,None
http://www.manahil.com/manahilsarwar#1916-0004-IND,None,None,None
http://www.manahil.com/manahilsarwar#1917-0014-CHN,None,None,None
http://www.manahil.com/manahilsarwar#1917-0013-CHN,None,None,None
http://www.manahil.com/manahilsarwar#1917-0009-GTM,None,None,None
http://www.manahil.com/manahilsarwar#1917-0003-IDN,None,None,None
http://www.manahil.com/manahilsarwar#1918-0020-CHN,None,None,None
http://www.manahil.com/manahilsarwar#1918-0001-BGD,None,None,None
http://www.manahil.com/manahilsarwar#1918-0015-CAN,None,None,None
http://www.manahil.com/manahilsarwar#1919-0007-AIA,None,None,None
http://www.manahil.com/manahilsarwar#1919-9006-AIA,None,None,None
http://www.manahil.com/manahilsarwar#1919-0003-BGD,None,None,None
http://www.manahil.com/manahilsarwar#1919-0001-IDN,None,No,No
http://www.manahil.com/manahilsarwar#1920-0007-CHN,None,None,None
http://www.manahil.com/manahilsarwar#1920-9004-CPV,None,None,None
http://www.manahil.com/manahilsarwar#1920-0012-AIA,None,None,None
http://www.manahil.com/manahilsarwar#1920-9003-CHN,None,None,None
http://www.manahil.com/manahilsarwar#1920-0005-DFR,None,None,None
http://www.manahil.com/manahilsarwar#1920-0001-IND,None,None,None
http://www.manahil.com/manahilsarwar#1920-0002-IND,None,None,None
http://www.manahil.com/manahilsarwar#1921-0005-AIA,None,None,None
http://www.manahil.com/manahilsarwar#1922-0001-CHL,None,None,None
http://www.manahil.com/manahilsarwar#1922-0010-AIA,None,None,None
http://www.manahil.com/manahilsarwar#1922-0003-BGD,None,None,None
http://www.manahil.com/manahilsarwar#1922-0011-CAN,None,None,None
http://www.manahil.com/manahilsarwar#1922-0004-CHN,None,None,None
http://www.manahil.com/manahilsarwar#1923-0017-AIA,None,None,None
http://www.manahil.com/manahilsarwar#1923-0003-BGD,None,None,None
http://www.manahil.com/manahilsarwar#1923-0019-CHN,None,None,None
http://www.manahil.com/manahilsarwar#1923-0018-HKG,None,None,None
http://www.manahil.com/manahilsarwar#1924-0005-ECU,None,None,None
http://www.manahil.com/manahilsarwar#1924-0007-IDN,None,None,None
http://www.manahil.com/manahilsarwar#1924-0003-IND,None,None,None
http://www.manahil.com/manahilsarwar#1924-0001-IND,None,None,None
http://www.manahil.com/manahilsarwar#1925-0002-CHN,None,None,None
http://www.manahil.com/manahilsarwar#1925-0007-DFR,None,None,None
http://www.manahil.com/manahilsarwar#1925-0004-IND,None,None,None
http://www.manahil.com/manahilsarwar#1926-0018-BEL,None,None,None
http://www.manahil.com/manahilsarwar#1926-0004-BGD,None,None,None
http://www.manahil.com/manahilsarwar#1926-0009-BHS,None,None,None
http://www.manahil.com/manahilsarwar#1926-0013-COL,None,None,None
http://www.manahil.com/manahilsarwar#1926-0012-CUB,None,None,None
http://www.manahil.com/manahilsarwar#1926-0006-DFR,None,None,None
http://www.manahil.com/manahilsarwar#1926-0014-EGY,None,None,None
http://www.manahil.com/manahilsarwar#1926-0020-FRA,None,No,No
http://www.manahil.com/manahilsarwar#1926-0008-IND,None,None,None
http://www.manahil.com/manahilsarwar#1926-0001-IND,None,None,None
http://www.manahil.com/manahilsarwar#1927-0014-IDN,None,None,None
http://www.manahil.com/manahilsarwar#1927-0006-CHN,None,None,None
http://www.manahil.com/manahilsarwar#1927-0009-CHN,None,None,None
http://www.manahil.com/manahilsarwar#1927-0012-DZA,None,No,No
http://www.manahil.com/manahilsarwar#1927-0008-IND,None,None,None
http://www.manahil.com/manahilsarwar#1927-0011-IND,None,None,None
http://www.manahil.com/manahilsarwar#1928-0022-BEL,None,None,None
http://www.manahil.com/manahilsarwar#1928-0007-BGR,None,No,No
http://www.manahil.com/manahilsarwar#1928-0024-CAN,None,No,No
http://www.manahil.com/manahilsarwar#1928-0003-CHL,None,None,None
http://www.manahil.com/manahilsarwar#1928-9002-CHN,None,None,None
http://www.manahil.com/manahilsarwar#1928-0015-GLP,None,No,No
http://www.manahil.com/manahilsarwar#1928-0001-GRC,None,None,None
http://www.manahil.com/manahilsarwar#1928-0012-IDN,None,No,No
http://www.manahil.com/manahilsarwar#1928-0018-IND,None,None,None
http://www.manahil.com/manahilsarwar#1929-0003-BHS,None,None,None
http://www.manahil.com/manahilsarwar#1929-0002-DFR,None,None,None
http://www.manahil.com/manahilsarwar#1930-0021-BEL,None,None,None
http://www.manahil.com/manahilsarwar#1930-0013-BEL,None,No,No
http://www.manahil.com/manahilsarwar#1930-0024-DMA,None,None,None
http://www.manahil.com/manahilsarwar#1930-0009-DOM,None,None,None
http://www.manahil.com/manahilsarwar#1930-0027-FRA,None,No,No
http://www.manahil.com/manahilsarwar#1930-0007-GRC,None,None,None
http://www.manahil.com/manahilsarwar#1930-0003-IDN,None,None,None
http://www.manahil.com/manahilsarwar#1931-9014-CAN,None,No,No
http://www.manahil.com/manahilsarwar#1931-0007-CHN,None,No,No
http://www.manahil.com/manahilsarwar#1931-0009-BLZ,None,None,None
http://www.manahil.com/manahilsarwar#1931-0005-ECU,None,None,None
http://www.manahil.com/manahilsarwar#1931-0006-FJI,None,None,None
http://www.manahil.com/manahilsarwar#1931-0010-HND,None,None,None
http://www.manahil.com/manahilsarwar#1931-0012-IDN,None,None,None
http://www.manahil.com/manahilsarwar#1932-0006-CUB,None,No,No
http://www.manahil.com/manahilsarwar#1932-0013-FRA,None,No,No
http://www.manahil.com/manahilsarwar#1932-0009-IDN,None,None,None
http://www.manahil.com/manahilsarwar#1933-0021-CHN,None,None,None
http://www.manahil.com/manahilsarwar#1933-0013-CHN,None,None,None
http://www.manahil.com/manahilsarwar#1934-0005-CHN,None,None,None
http://www.manahil.com/manahilsarwar#1935-0009-BHS,None,None,None
http://www.manahil.com/manahilsarwar#1935-0019-CHN,None,No,No
http://www.manahil.com/manahilsarwar#1935-0008-CUB,None,None,None
http://www.manahil.com/manahilsarwar#1935-0012-HTI,None,None,None
http://www.manahil.com/manahilsarwar#1935-0015-IND,None,None,None
http://www.manahil.com/manahilsarwar#1935-0014-IND,None,None,None
http://www.manahil.com/manahilsarwar#1936-0015-IDN,None,None,None
http://www.manahil.com/manahilsarwar#1936-0006-CAN,None,None,None
http://www.manahil.com/manahilsarwar#1936-0011-IDN,None,None,None
http://www.manahil.com/manahilsarwar#1936-0009-IND,None,None,None
http://www.manahil.com/manahilsarwar#1937-0006-BGD,None,None,None
http://www.manahil.com/manahilsarwar#1937-0011-HKG,None,No,No
http://www.manahil.com/manahilsarwar#1938-0009-IDN,None,None,None
http://www.manahil.com/manahilsarwar#1939-0001-CHL,None,None,None
http://www.manahil.com/manahilsarwar#1939-0005-GHA,None,None,None
http://www.manahil.com/manahilsarwar#1939-0017-AUS,None,None,None
http://www.manahil.com/manahilsarwar#1939-0006-CHN,None,None,None
http://www.manahil.com/manahilsarwar#1940-9002-BFA,None,No,No
http://www.manahil.com/manahilsarwar#1940-9002-CPV,None,None,None
http://www.manahil.com/manahilsarwar#1940-9002-GMB,None,None,None
http://www.manahil.com/manahilsarwar#1940-9002-GNB,None,None,None
http://www.manahil.com/manahilsarwar#1941-0003-BGD,None,None,None
http://www.manahil.com/manahilsarwar#1941-0002-FJI,None,None,None
http://www.manahil.com/manahilsarwar#1942-9003-IND,None,No,No
http://www.manahil.com/manahilsarwar#1942-0008-BGD,None,None,None
http://www.manahil.com/manahilsarwar#1942-0021-CHN,None,None,None
http://www.manahil.com/manahilsarwar#1942-0005-COK,None,None,None
http://www.manahil.com/manahilsarwar#1942-0001-ECU,None,None,None
http://www.manahil.com/manahilsarwar#1942-0009-IND,None,None,None
http://www.manahil.com/manahilsarwar#1943-0010-CHL,None,None,None
http://www.manahil.com/manahilsarwar#1943-9002-BGD,None,No,No
http://www.manahil.com/manahilsarwar#1943-0009-COK,None,None,None
http://www.manahil.com/manahilsarwar#1943-0024-IDN,None,None,None
http://www.manahil.com/manahilsarwar#1943-0011-IND,None,None,None
http://www.manahil.com/manahilsarwar#1943-0012-IND,None,None,None
http://www.manahil.com/manahilsarwar#1944-0011-CUB,None,No,No
http://www.manahil.com/manahilsarwar#1944-0002-ARG,None,None,None
http://www.manahil.com/manahilsarwar#1944-0028-AUS,None,None,None
http://www.manahil.com/manahilsarwar#1944-0006-IND,None,None,None
http://www.manahil.com/manahilsarwar#1945-0009-BEL,None,None,None
http://www.manahil.com/manahilsarwar#1945-0004-BHS,None,None,None
http://www.manahil.com/manahilsarwar#1945-0005-IND,None,None,None
http://www.manahil.com/manahilsarwar#1946-0013-CHL,None,None,None
http://www.manahil.com/manahilsarwar#1946-0021-DOM,None,None,None
http://www.manahil.com/manahilsarwar#1946-9004-CPV,None,No,No
http://www.manahil.com/manahilsarwar#1946-0022-AZO,None,None,None
http://www.manahil.com/manahilsarwar#1946-0018-CAN,None,None,None
http://www.manahil.com/manahilsarwar#1946-0005-COK,None,None,None
http://www.manahil.com/manahilsarwar#1946-0001-DZA,None,None,None
http://www.manahil.com/manahilsarwar#1947-0012-BGD,None,None,None
http://www.manahil.com/manahilsarwar#1947-9005-BGD,None,No,No
http://www.manahil.com/manahilsarwar#1947-0007-EGY,None,None,None
http://www.manahil.com/manahilsarwar#1947-0011-HKG,None,None,None
http://www.manahil.com/manahilsarwar#1948-0013-BMU,None,None,None
http://www.manahil.com/manahilsarwar#1948-0027-BRA,None,None,None
http://www.manahil.com/manahilsarwar#1948-0025-CHL,None,None,None
http://www.manahil.com/manahilsarwar#1948-0022-CHN,None,None,None
http://www.manahil.com/manahilsarwar#1948-0024-CHN,None,None,None
http://www.manahil.com/manahilsarwar#1948-0020-CHN,None,None,None
http://www.manahil.com/manahilsarwar#1948-0009-CUB,None,None,None
http://www.manahil.com/manahilsarwar#1948-0012-CUB,None,None,None
http://www.manahil.com/manahilsarwar#1948-0008-IND,None,None,None
http://www.manahil.com/manahilsarwar#1949-0010-ECU,None,None,None
http://www.manahil.com/manahilsarwar#1949-0005-CHL,None,None,None
http://www.manahil.com/manahilsarwar#1949-0015-CHL,None,None,None
http://www.manahil.com/manahilsarwar#1949-0024-BRA,None,None,None
http://www.manahil.com/manahilsarwar#1949-0025-CHN,None,None,None
http://www.manahil.com/manahilsarwar#1949-0002-COL,None,None,None
http://www.manahil.com/manahilsarwar#1949-0027-FRA,None,No,No
http://www.manahil.com/manahilsarwar#1949-0012-GTM,None,None,None
http://www.manahil.com/manahilsarwar#1949-0013-IND,None,None,None
http://www.manahil.com/manahilsarwar#1950-0008-IND,None,None,None
http://www.manahil.com/manahilsarwar#1950-0009-ATG,None,None,None
http://www.manahil.com/manahilsarwar#1950-0012-CAN,None,No,No
http://www.manahil.com/manahilsarwar#1950-0017-CAN,None,None,None
http://www.manahil.com/manahilsarwar#1950-0007-CHN,None,None,None
http://www.manahil.com/manahilsarwar#1950-0028-COL,None,None,None
http://www.manahil.com/manahilsarwar#1950-0023-ECU,None,None,None
http://www.manahil.com/manahilsarwar#1950-0006-IND,None,None,None
http://www.manahil.com/manahilsarwar#1950-0011-IND,None,None,None
http://www.manahil.com/manahilsarwar#1950-0026-IND,None,None,None
http://www.manahil.com/manahilsarwar#1951-0036-BGD,None,None,None
http://www.manahil.com/manahilsarwar#1951-0029-CHE,None,None,None
http://www.manahil.com/manahilsarwar#1951-0018-CHN,None,None,None
http://www.manahil.com/manahilsarwar#1951-0005-COM,None,None,None
http://www.manahil.com/manahilsarwar#1951-0002-IDN,None,None,None
http://www.manahil.com/manahilsarwar#1952-0034-AUT,None,None,None
http://www.manahil.com/manahilsarwar#1952-0026-DZA,None,None,None
http://www.manahil.com/manahilsarwar#1952-0001-FJI,None,None,None
http://www.manahil.com/manahilsarwar#1952-0005-GBR,None,None,None
http://www.manahil.com/manahilsarwar#1952-0012-GBR,None,None,None
http://www.manahil.com/manahilsarwar#1952-0010-HTI,None,None,None
http://www.manahil.com/manahilsarwar#1952-0011-IND,None,None,None
http://www.manahil.com/manahilsarwar#1952-0025-IND,None,None,None
http://www.manahil.com/manahilsarwar#1953-0012-CHL,None,None,None
http://www.manahil.com/manahilsarwar#1953-0054-CYP,None,None,None
http://www.manahil.com/manahilsarwar#1953-0001-GRC,None,None,None
http://www.manahil.com/manahilsarwar#1953-0025-BEL,None,None,None
http://www.manahil.com/manahilsarwar#1953-0030-CAN,None,None,None
http://www.manahil.com/manahilsarwar#1953-0021-CHL,None,None,None
http://www.manahil.com/manahilsarwar#1953-0015-DFR,None,None,None
http://www.manahil.com/manahilsarwar#1953-0039-ECU,None,None,None
http://www.manahil.com/manahilsarwar#1953-0055-ESP,None,None,None
http://www.manahil.com/manahilsarwar#1953-0038-IDN,None,None,None
http://www.manahil.com/manahilsarwar#1953-0042-IND,None,None,None
http://www.manahil.com/manahilsarwar#1953-0045-IND,None,None,None
http://www.manahil.com/manahilsarwar#1954-0017-DZA,None,None,None
http://www.manahil.com/manahilsarwar#1954-0009-AFG,None,None,None
http://www.manahil.com/manahilsarwar#1954-0027-ANT,None,None,None
http://www.manahil.com/manahilsarwar#1954-0003-AUT,None,None,None
http://www.manahil.com/manahilsarwar#1954-0004-AUT,None,None,None
http://www.manahil.com/manahilsarwar#1954-0032-CAN,None,No,No
http://www.manahil.com/manahilsarwar#1954-0010-CHN,None,None,None
http://www.manahil.com/manahilsarwar#1954-0014-CHN,None,No,No
http://www.manahil.com/manahilsarwar#1954-0012-COL,None,None,None
http://www.manahil.com/manahilsarwar#1954-0064-COL,None,None,None
http://www.manahil.com/manahilsarwar#1954-0034-EGY,None,None,None
http://www.manahil.com/manahilsarwar#1954-0044-GRC,None,None,None
http://www.manahil.com/manahilsarwar#1954-0024-HTI,None,None,None
http://www.manahil.com/manahilsarwar#1954-0022-HTI,None,No,No
http://www.manahil.com/manahilsarwar#1954-0042-IDN,None,None,None
http://www.manahil.com/manahilsarwar#1954-0043-IND,None,None,None
http://www.manahil.com/manahilsarwar#1955-0015-IND,None,No,No
http://www.manahil.com/manahilsarwar#1955-0025-AIA,None,None,None
http://www.manahil.com/manahilsarwar#1955-0037-AUS,None,None,None
http://www.manahil.com/manahilsarwar#1955-0014-BLZ,None,None,None
http://www.manahil.com/manahilsarwar#1955-0011-BRB,None,None,None
http://www.manahil.com/manahilsarwar#1955-0031-CAN,None,None,None
http://www.manahil.com/manahilsarwar#1955-0038-CHN,None,None,None
http://www.manahil.com/manahilsarwar#1955-0020-EGY,None,None,None
http://www.manahil.com/manahilsarwar#1955-0040-IDN,None,None,None
http://www.manahil.com/manahilsarwar#1955-0019-IND,None,None,None
http://www.manahil.com/manahilsarwar#1955-0049-IND,None,None,None
http://www.manahil.com/manahilsarwar#1956-0037-GRC,None,None,None
http://www.manahil.com/manahilsarwar#1956-0008-AFG,None,None,None
http://www.manahil.com/manahilsarwar#1956-0039-AFG,None,None,None
http://www.manahil.com/manahilsarwar#1956-0028-BEL,None,None,None
http://www.manahil.com/manahilsarwar#1956-0030-BRA,None,None,None
http://www.manahil.com/manahilsarwar#1956-0033-BRA,None,None,None
http://www.manahil.com/manahilsarwar#1956-0013-CHN,None,None,None
http://www.manahil.com/manahilsarwar#1956-0001-CHN,None,None,None
http://www.manahil.com/manahilsarwar#1956-0056-ESP,None,None,None
http://www.manahil.com/manahilsarwar#1956-0015-GLP,None,None,None
http://www.manahil.com/manahilsarwar#1956-0051-IDN,None,None,None
http://www.manahil.com/manahilsarwar#1956-0038-IND,None,None,None
http://www.manahil.com/manahilsarwar#1956-0047-IND,None,None,None
http://www.manahil.com/manahilsarwar#1956-0007-IND,None,None,None
http://www.manahil.com/manahilsarwar#1956-0012-IND,None,None,None
http://www.manahil.com/manahilsarwar#1956-0016-IND,None,None,None
http://www.manahil.com/manahilsarwar#1956-0046-IND,None,None,None
http://www.manahil.com/manahilsarwar#1957-0042-BRA,None,None,None
http://www.manahil.com/manahilsarwar#1957-0033-CHN,None,None,None
http://www.manahil.com/manahilsarwar#1957-0040-ESP,None,None,None
http://www.manahil.com/manahilsarwar#1957-0021-HKG,None,None,None
http://www.manahil.com/manahilsarwar#1958-0036-ARG,None,None,None
http://www.manahil.com/manahilsarwar#1958-0008-BGD,None,None,None
http://www.manahil.com/manahilsarwar#1958-0014-BGD,None,None,None
http://www.manahil.com/manahilsarwar#1958-0010-CHL,None,No,No
http://www.manahil.com/manahilsarwar#1958-0005-FJI,None,None,None
http://www.manahil.com/manahilsarwar#1958-0039-FRA,None,No,No
http://www.manahil.com/manahilsarwar#1958-0024-IDN,None,None,None
http://www.manahil.com/manahilsarwar#1958-0033-IND,None,None,None
http://www.manahil.com/manahilsarwar#1958-0031-IND,None,None,None
http://www.manahil.com/manahilsarwar#1959-0006-CHN,None,None,None
http://www.manahil.com/manahilsarwar#1959-0042-BRA,None,None,None
http://www.manahil.com/manahilsarwar#1959-0047-BRA,None,None,None
http://www.manahil.com/manahilsarwar#1959-0023-CAN,None,None,None
http://www.manahil.com/manahilsarwar#1959-0009-CHN,None,None,None
http://www.manahil.com/manahilsarwar#1959-0011-CHN,None,None,None
http://www.manahil.com/manahilsarwar#1959-0034-CHN,None,None,None
http://www.manahil.com/manahilsarwar#1959-0035-COL,None,None,None
http://www.manahil.com/manahilsarwar#1959-0033-HKG,None,None,None
http://www.manahil.com/manahilsarwar#1959-0031-HTI,None,None,None
http://www.manahil.com/manahilsarwar#1960-0013-CHL,None,None,None
http://www.manahil.com/manahilsarwar#1960-0026-AIA,None,No,No
http://www.manahil.com/manahilsarwar#1960-0025-ANT,None,None,None
http://www.manahil.com/manahilsarwar#1960-0024-ATG,None,None,None
http://www.manahil.com/manahilsarwar#1960-0030-BGD,None,None,None
http://www.manahil.com/manahilsarwar#1960-0031-BGD,None,None,None
http://www.manahil.com/manahilsarwar#1960-0001-BGD,None,None,None
http://www.manahil.com/manahilsarwar#1960-0033-DZA,None,None,None
http://www.manahil.com/manahilsarwar#1960-0042-HKG,None,None,None
http://www.manahil.com/manahilsarwar#1960-9039-HKG,None,None,None
http://www.manahil.com/manahilsarwar#1960-0040-HKG,None,None,None
http://www.manahil.com/manahilsarwar#1961-0004-BGD,None,None,None
http://www.manahil.com/manahilsarwar#1961-0005-BGD,None,None,None
http://www.manahil.com/manahilsarwar#1961-0046-BGD,None,None,None
http://www.manahil.com/manahilsarwar#1961-0013-BLZ,None,No,No
http://www.manahil.com/manahilsarwar#1961-9040-CAN,None,None,None
http://www.manahil.com/manahilsarwar#1961-0016-ETH,None,None,None
http://www.manahil.com/manahilsarwar#1961-0058-FRA,None,No,No
http://www.manahil.com/manahilsarwar#1961-0053-GRC,None,None,None
http://www.manahil.com/manahilsarwar#1961-0037-HKG,None,None,None
http://www.manahil.com/manahilsarwar#1961-0030-HKG,None,None,None
http://www.manahil.com/manahilsarwar#1961-0052-HND,None,None,None
http://www.manahil.com/manahilsarwar#1961-0055-IND,None,None,None
http://www.manahil.com/manahilsarwar#1962-0044-ALB,None,None,None
http://www.manahil.com/manahilsarwar#1962-0043-CAN,None,None,None
http://www.manahil.com/manahilsarwar#1962-0030-COL,None,None,None
http://www.manahil.com/manahilsarwar#1962-0033-COL,None,None,None
http://www.manahil.com/manahilsarwar#1962-0003-DFR,None,No,No
http://www.manahil.com/manahilsarwar#1962-0008-ESP,None,No,No
http://www.manahil.com/manahilsarwar#1962-0012-GUM,None,None,None
http://www.manahil.com/manahilsarwar#1962-0015-HKG,None,No,No
http://www.manahil.com/manahilsarwar#1962-0039-HTI,None,None,None
http://www.manahil.com/manahilsarwar#1963-0065-AFG,None,None,None
http://www.manahil.com/manahilsarwar#1963-0055-BEL,None,None,None
http://www.manahil.com/manahilsarwar#1963-0013-BGD,None,No,No
http://www.manahil.com/manahilsarwar#1963-0079-BGD,None,None,None
http://www.manahil.com/manahilsarwar#1963-0069-BGD,None,None,None
http://www.manahil.com/manahilsarwar#1963-0031-BHS,None,None,None
http://www.manahil.com/manahilsarwar#1963-0011-CRI,Yes,None,None
http://www.manahil.com/manahilsarwar#1963-0030-CUB,None,No,No
http://www.manahil.com/manahilsarwar#1963-0020-DMA,None,None,None
http://www.manahil.com/manahilsarwar#1963-0027-DOM,None,None,None
http://www.manahil.com/manahilsarwar#1963-0037-DZA,None,None,None
http://www.manahil.com/manahilsarwar#1963-0024-GRD,None,None,None
http://www.manahil.com/manahilsarwar#1963-0028-HTI,None,No,No
http://www.manahil.com/manahilsarwar#1963-0038-HTI,None,None,None
http://www.manahil.com/manahilsarwar#1963-0034-HTI,None,No,No
http://www.manahil.com/manahilsarwar#1963-0008-IDN,None,None,None
http://www.manahil.com/manahilsarwar#1963-0066-IDN,None,None,None
http://www.manahil.com/manahilsarwar#1963-0064-IND,None,None,None
http://www.manahil.com/manahilsarwar#1964-9044-IND,Yes,No,No
http://www.manahil.com/manahilsarwar#1964-0016-AZO,Yes,None,None
http://www.manahil.com/manahilsarwar#1964-0024-BGD,Yes,None,None
http://www.manahil.com/manahilsarwar#1964-0039-BGD,Yes,None,None
http://www.manahil.com/manahilsarwar#1964-0005-BRA,Yes,None,None
http://www.manahil.com/manahilsarwar#1964-0022-BRA,Yes,None,None
http://www.manahil.com/manahilsarwar#1964-0041-BRA,Yes,None,None
http://www.manahil.com/manahilsarwar#1964-0017-CHL,Yes,None,None
http://www.manahil.com/manahilsarwar#1964-0098-CHN,None,None,None
http://www.manahil.com/manahilsarwar#1964-0096-CUB,None,None,None
http://www.manahil.com/manahilsarwar#1964-0048-DOM,Yes,None,None
http://www.manahil.com/manahilsarwar#1964-9006-ECU,Yes,None,None
http://www.manahil.com/manahilsarwar#1964-0019-FJI,Yes,None,None
http://www.manahil.com/manahilsarwar#1964-0046-GLP,Yes,None,None
http://www.manahil.com/manahilsarwar#1964-0082-HKG,None,None,None
http://www.manahil.com/manahilsarwar#1964-0085-HKG,None,None,None
http://www.manahil.com/manahilsarwar#1964-0047-HTI,Yes,None,None
http://www.manahil.com/manahilsarwar#1964-0068-IND,None,None,None
http://www.manahil.com/manahilsarwar#1964-9009-IND,Yes,None,None
http://www.manahil.com/manahilsarwar#1965-0093-IDN,None,None,None
http://www.manahil.com/manahilsarwar#1965-9073-IND,Yes,No,No
http://www.manahil.com/manahilsarwar#1965-0048-ARG,None,None,None
http://www.manahil.com/manahilsarwar#1965-0028-BGD,Yes,None,None
http://www.manahil.com/manahilsarwar#1965-0034-BGD,None,None,None
http://www.manahil.com/manahilsarwar#1965-0068-BGD,Yes,None,None
http://www.manahil.com/manahilsarwar#1965-0070-BGR,None,None,None
http://www.manahil.com/manahilsarwar#1965-0054-BHS,Yes,None,None
http://www.manahil.com/manahilsarwar#1965-0071-BOL,Yes,None,None
http://www.manahil.com/manahilsarwar#1965-0030-BRA,Yes,None,None
http://www.manahil.com/manahilsarwar#1965-0047-BRA,Yes,None,None
http://www.manahil.com/manahilsarwar#1965-9003-BWA,Yes,None,None
http://www.manahil.com/manahilsarwar#1965-0088-CAN,None,None,None
http://www.manahil.com/manahilsarwar#1965-0051-CHE,None,None,None
http://www.manahil.com/manahilsarwar#1965-0016-CHL,Yes,None,None
http://www.manahil.com/manahilsarwar#1965-0095-CHL,None,None,None
http://www.manahil.com/manahilsarwar#1965-0040-CHL,Yes,None,None
http://www.manahil.com/manahilsarwar#1965-0099-CHL,None,None,None
http://www.manahil.com/manahilsarwar#1965-9080-CHN,None,None,None
http://www.manahil.com/manahilsarwar#1965-0065-COL,None,None,None
http://www.manahil.com/manahilsarwar#1965-0022-DOM,Yes,None,None
http://www.manahil.com/manahilsarwar#1965-0002-DZA,Yes,None,None
http://www.manahil.com/manahilsarwar#1965-0018-ECU,Yes,None,None
http://www.manahil.com/manahilsarwar#1965-9038-ETH,Yes,None,None
http://www.manahil.com/manahilsarwar#1965-0011-FJI,Yes,None,None
http://www.manahil.com/manahilsarwar#1965-0015-GRC,Yes,None,None
http://www.manahil.com/manahilsarwar#1965-0085-HKG,None,None,None
http://www.manahil.com/manahilsarwar#1965-0045-HND,Yes,None,None
http://www.manahil.com/manahilsarwar#1965-9032-HND,Yes,None,None
http://www.manahil.com/manahilsarwar#1965-0057-HND,Yes,None,None
http://www.manahil.com/manahilsarwar#1965-0096-IND,None,None,None
http://www.manahil.com/manahilsarwar#1966-9004-IDN,Yes,No,No
http://www.manahil.com/manahilsarwar#1966-0031-ARG,Yes,None,None
http://www.manahil.com/manahilsarwar#1966-0117-ASM,None,None,None
http://www.manahil.com/manahilsarwar#1966-0072-ATG,None,None,None
http://www.manahil.com/manahilsarwar#1966-0115-BEL,None,None,None
http://www.manahil.com/manahilsarwar#1966-9005-BFA,Yes,No,No
http://www.manahil.com/manahilsarwar#1966-0077-BGD,Yes,None,None
http://www.manahil.com/manahilsarwar#1966-0047-BGD,Yes,None,None
http://www.manahil.com/manahilsarwar#1966-0078-BHS,None,None,None
http://www.manahil.com/manahilsarwar#1966-0132-BHS,None,None,None
http://www.manahil.com/manahilsarwar#1966-0025-BOL,Yes,None,None
http://www.manahil.com/manahilsarwar#1966-0053-BOL,Yes,None,None
http://www.manahil.com/manahilsarwar#1966-0019-BRA,None,None,None
http://www.manahil.com/manahilsarwar#1966-0017-BRA,Yes,None,None
http://www.manahil.com/manahilsarwar#1966-0044-BRA,Yes,None,None
http://www.manahil.com/manahilsarwar#1966-0116-BRA,None,None,None
http://www.manahil.com/manahilsarwar#1966-0120-BRA,None,None,None
http://www.manahil.com/manahilsarwar#1966-0110-CAN,None,None,None
http://www.manahil.com/manahilsarwar#1966-0090-CHL,Yes,None,None
http://www.manahil.com/manahilsarwar#1966-0076-CUB,None,None,None
http://www.manahil.com/manahilsarwar#1966-0074-DOM,Yes,None,None
http://www.manahil.com/manahilsarwar#1966-0079-DZA,Yes,None,None
http://www.manahil.com/manahilsarwar#1966-0043-ECU,Yes,None,None
http://www.manahil.com/manahilsarwar#1966-0083-GBR,None,None,None
http://www.manahil.com/manahilsarwar#1966-0073-GLP,Yes,None,None
http://www.manahil.com/manahilsarwar#1966-0026-GRC,Yes,None,None
http://www.manahil.com/manahilsarwar#1966-0068-GRC,Yes,None,None
http://www.manahil.com/manahilsarwar#1966-0105-HKG,None,None,None
http://www.manahil.com/manahilsarwar#1966-0010-HKG,None,None,None
http://www.manahil.com/manahilsarwar#1966-9107-HKG,None,None,None
http://www.manahil.com/manahilsarwar#1966-0050-HKG,Yes,None,None
http://www.manahil.com/manahilsarwar#1966-0075-HTI,Yes,None,None
http://www.manahil.com/manahilsarwar#1966-0041-IDN,Yes,None,None
http://www.manahil.com/manahilsarwar#1966-0061-IDN,Yes,No,No
http://www.manahil.com/manahilsarwar#1966-0036-IDN,Yes,None,None
http://www.manahil.com/manahilsarwar#1966-0085-IND,Yes,None,None
http://www.manahil.com/manahilsarwar#1967-0101-IDN,None,None,None
http://www.manahil.com/manahilsarwar#1967-0075-ALB,None,None,None
http://www.manahil.com/manahilsarwar#1967-0064-ARG,Yes,None,None
http://www.manahil.com/manahilsarwar#1967-0018-AUS,Yes,None,None
http://www.manahil.com/manahilsarwar#1967-9012-AUS,None,No,No
http://www.manahil.com/manahilsarwar#1967-0108-BEL,None,None,None
http://www.manahil.com/manahilsarwar#1967-0034-BGD,None,None,None
http://www.manahil.com/manahilsarwar#1967-0062-BGD,None,None,None
http://www.manahil.com/manahilsarwar#1967-0028-BRA,None,None,None
http://www.manahil.com/manahilsarwar#1967-0015-BRA,Yes,No,No
http://www.manahil.com/manahilsarwar#1967-0029-BRA,Yes,None,None
http://www.manahil.com/manahilsarwar#1967-0060-BRA,Yes,None,None
http://www.manahil.com/manahilsarwar#1967-0081-BRA,Yes,None,None
http://www.manahil.com/manahilsarwar#1967-0082-COG,None,None,None
http://www.manahil.com/manahilsarwar#1967-0078-COK,None,None,None
http://www.manahil.com/manahilsarwar#1967-0020-COL,None,None,None
http://www.manahil.com/manahilsarwar#1967-0070-DZA,None,None,None
http://www.manahil.com/manahilsarwar#1967-0053-ECU,None,None,None
http://www.manahil.com/manahilsarwar#1967-0019-ECU,Yes,None,None
http://www.manahil.com/manahilsarwar#1967-0041-FRA,None,No,No
http://www.manahil.com/manahilsarwar#1967-0131-FRA,None,None,None
http://www.manahil.com/manahilsarwar#1967-0032-GRC,Yes,None,None
http://www.manahil.com/manahilsarwar#1967-0096-HKG,None,None,None
http://www.manahil.com/manahilsarwar#1967-0095-HKG,None,None,None
http://www.manahil.com/manahilsarwar#1967-0102-IDN,None,None,None
http://www.manahil.com/manahilsarwar#1967-0007-IDN,None,None,None
http://www.manahil.com/manahilsarwar#1967-0013-IDN,Yes,None,None
http://www.manahil.com/manahilsarwar#1967-0038-IDN,None,None,None
http://www.manahil.com/manahilsarwar#1967-0076-IDN,None,None,None
http://www.manahil.com/manahilsarwar#1967-0077-IND,None,None,None
http://www.manahil.com/manahilsarwar#1967-0063-IND,None,None,None
http://www.manahil.com/manahilsarwar#1967-0004-IND,Yes,None,None
http://www.manahil.com/manahilsarwar#1968-0032-GRC,Yes,None,None
http://www.manahil.com/manahilsarwar#1968-0077-AUS,Yes,None,None
http://www.manahil.com/manahilsarwar#1968-0080-AUS,Yes,None,None
http://www.manahil.com/manahilsarwar#1968-0040-BGD,None,None,None
http://www.manahil.com/manahilsarwar#1968-0054-BGD,Yes,None,None
http://www.manahil.com/manahilsarwar#1968-0031-BOL,Yes,None,None
http://www.manahil.com/manahilsarwar#1968-0131-BRA,None,None,None
http://www.manahil.com/manahilsarwar#1968-9004-BWA,Yes,No,No
http://www.manahil.com/manahilsarwar#1968-0027-CHE,None,None,None
http://www.manahil.com/manahilsarwar#1968-9008-CHL,Yes,No,No
http://www.manahil.com/manahilsarwar#1968-0057-CHL,None,None,None
http://www.manahil.com/manahilsarwar#1968-0028-COL,None,None,None
http://www.manahil.com/manahilsarwar#1968-0059-CRI,Yes,No,No
http://www.manahil.com/manahilsarwar#1968-0076-CUB,None,None,None
http://www.manahil.com/manahilsarwar#1968-0056-DFR,None,None,None
http://www.manahil.com/manahilsarwar#1968-9009-DOM,Yes,No,No
http://www.manahil.com/manahilsarwar#1968-0048-ETH,Yes,None,None
http://www.manahil.com/manahilsarwar#1968-0022-GBR,None,None,None
http://www.manahil.com/manahilsarwar#1968-0053-GHA,Yes,None,None
http://www.manahil.com/manahilsarwar#1968-9010-GMB,Yes,No,No
http://www.manahil.com/manahilsarwar#1968-0112-HKG,None,None,None
http://www.manahil.com/manahilsarwar#1968-0067-HKG,None,None,None
http://www.manahil.com/manahilsarwar#1968-0106-HKG,None,None,None
http://www.manahil.com/manahilsarwar#1968-0108-HKG,None,None,None
http://www.manahil.com/manahilsarwar#1968-9006-HTI,Yes,No,No
http://www.manahil.com/manahilsarwar#1968-0064-IDN,None,None,None
http://www.manahil.com/manahilsarwar#1968-0003-IDN,Yes,None,None
http://www.manahil.com/manahilsarwar#1968-0038-IDN,Yes,None,None
http://www.manahil.com/manahilsarwar#1968-0055-IND,Yes,None,None
http://www.manahil.com/manahilsarwar#1968-0074-IND,None,None,None
http://www.manahil.com/manahilsarwar#1968-0084-IND,None,None,None
http://www.manahil.com/manahilsarwar#1969-9007-AFG,Yes,No,No
http://www.manahil.com/manahilsarwar#1969-9006-BEN,Yes,No,No
http://www.manahil.com/manahilsarwar#1969-9006-BFA,Yes,No,No
http://www.manahil.com/manahilsarwar#1969-9006-CPV,None,No,No
http://www.manahil.com/manahilsarwar#1969-9006-GMB,Yes,No,No
http://www.manahil.com/manahilsarwar#1969-9006-GNB,None,No,No
http://www.manahil.com/manahilsarwar#1969-0004-BFA,Yes,None,None
http://www.manahil.com/manahilsarwar#1969-0099-BFA,Yes,None,None
http://www.manahil.com/manahilsarwar#1969-0065-BGD,Yes,None,None
http://www.manahil.com/manahilsarwar#1969-0048-BOL,Yes,None,None
http://www.manahil.com/manahilsarwar#1969-0108-BOL,Yes,None,None
http://www.manahil.com/manahilsarwar#1969-0057-BRA,Yes,None,None
http://www.manahil.com/manahilsarwar#1969-0082-CHN,None,None,None
http://www.manahil.com/manahilsarwar#1969-0066-CHN,None,None,None
http://www.manahil.com/manahilsarwar#1969-0110-COL,None,None,None
http://www.manahil.com/manahilsarwar#1969-0103-CRI,Yes,None,None
http://www.manahil.com/manahilsarwar#1969-0112-CYP,Yes,None,None
http://www.manahil.com/manahilsarwar#1969-0096-DZA,Yes,No,No
http://www.manahil.com/manahilsarwar#1969-0068-ECU,Yes,None,None
http://www.manahil.com/manahilsarwar#1969-0061-ETH,Yes,None,None
http://www.manahil.com/manahilsarwar#1969-9009-ETH,Yes,No,No
http://www.manahil.com/manahilsarwar#1969-0074-FRA,None,None,None
http://www.manahil.com/manahilsarwar#1969-0091-GTM,Yes,None,None
http://www.manahil.com/manahilsarwar#1969-0072-GTM,Yes,None,None
http://www.manahil.com/manahilsarwar#1969-0131-HKG,None,None,None
http://www.manahil.com/manahilsarwar#1969-0129-HKG,None,None,None
http://www.manahil.com/manahilsarwar#1969-0130-HKG,None,None,None
http://www.manahil.com/manahilsarwar#1969-0133-HKG,None,None,None
http://www.manahil.com/manahilsarwar#1969-0089-HND,None,None,None
http://www.manahil.com/manahilsarwar#1969-0092-HND,Yes,None,None
http://www.manahil.com/manahilsarwar#1969-0052-IDN,None,None,None
http://www.manahil.com/manahilsarwar#1969-0014-IDN,Yes,None,None
http://www.manahil.com/manahilsarwar#1969-0071-IND,None,None,None
http://www.manahil.com/manahilsarwar#1969-0109-IND,None,None,None
http://www.manahil.com/manahilsarwar#1970-0013-ARG,None,None,None
http://www.manahil.com/manahilsarwar#1970-0109-AUS,None,None,None
http://www.manahil.com/manahilsarwar#1970-0044-BEN,Yes,None,None
http://www.manahil.com/manahilsarwar#1970-0063-BGD,Yes,None,None
http://www.manahil.com/manahilsarwar#1970-0026-BGD,None,None,None
http://www.manahil.com/manahilsarwar#1970-0035-BGD,Yes,None,None
http://www.manahil.com/manahilsarwar#1970-0058-BGD,None,None,None
http://www.manahil.com/manahilsarwar#1970-9005-BRA,Yes,No,No
http://www.manahil.com/manahilsarwar#1970-0037-BRA,Yes,None,None
http://www.manahil.com/manahilsarwar#1970-0054-BRB,Yes,None,None
http://www.manahil.com/manahilsarwar#1970-9073-BWA,Yes,No,No
http://www.manahil.com/manahilsarwar#1970-0042-CAN,None,None,None
http://www.manahil.com/manahilsarwar#1970-0018-CHE,None,None,None
http://www.manahil.com/manahilsarwar#1970-0010-CHN,None,None,None
http://www.manahil.com/manahilsarwar#1970-0090-CHN,None,None,None
http://www.manahil.com/manahilsarwar#1970-0057-CIV,Yes,None,None
http://www.manahil.com/manahilsarwar#1970-0051-COL,None,None,None
http://www.manahil.com/manahilsarwar#1970-0021-COL,None,None,None
http://www.manahil.com/manahilsarwar#1970-0061-COL,None,None,None
http://www.manahil.com/manahilsarwar#1970-0069-COL,None,None,None
http://www.manahil.com/manahilsarwar#1970-0025-CRI,Yes,None,None
http://www.manahil.com/manahilsarwar#1970-0066-CRI,Yes,None,None
http://www.manahil.com/manahilsarwar#1970-0118-CUB,None,None,None
http://www.manahil.com/manahilsarwar#1970-0006-CYP,Yes,None,None
http://www.manahil.com/manahilsarwar#1970-0120-DMA,None,None,None
http://www.manahil.com/manahilsarwar#1970-0067-ECU,Yes,None,None
http://www.manahil.com/manahilsarwar#1970-0023-ECU,Yes,None,None
http://www.manahil.com/manahilsarwar#1970-0062-ECU,Yes,None,None
http://www.manahil.com/manahilsarwar#1970-0007-ETH,Yes,None,None
http://www.manahil.com/manahilsarwar#1970-0016-FRA,None,None,None
http://www.manahil.com/manahilsarwar#1970-0027-FRA,None,No,No
http://www.manahil.com/manahilsarwar#1970-0121-GLP,None,None,None
http://www.manahil.com/manahilsarwar#1970-0099-HKG,None,None,None
http://www.manahil.com/manahilsarwar#1970-0093-HKG,None,None,None
http://www.manahil.com/manahilsarwar#1970-0094-HKG,None,None,None
http://www.manahil.com/manahilsarwar#1970-0097-HKG,None,None,None
http://www.manahil.com/manahilsarwar#1970-0028-HUN,None,No,No
http://www.manahil.com/manahilsarwar#1970-0129-IDN,None,None,None
http://www.manahil.com/manahilsarwar#1970-0112-IND,None,None,None
http://www.manahil.com/manahilsarwar#1971-0042-CHL,Yes,None,None
http://www.manahil.com/manahilsarwar#1971-0044-AFG,None,None,None
http://www.manahil.com/manahilsarwar#1971-9085-AFG,Yes,No,No
http://www.manahil.com/manahilsarwar#1971-0015-AUS,None,None,None
http://www.manahil.com/manahilsarwar#1971-0096-AUS,None,None,None
http://www.manahil.com/manahilsarwar#1971-0119-BEL,None,None,None
http://www.manahil.com/manahilsarwar#1971-0032-BGD,None,None,None
http://www.manahil.com/manahilsarwar#1971-0017-BRA,None,None,None
http://www.manahil.com/manahilsarwar#1971-0027-BRA,Yes,None,None
http://www.manahil.com/manahilsarwar#1971-0118-CAN,None,None,None
http://www.manahil.com/manahilsarwar#1971-0031-CAN,None,None,None
http://www.manahil.com/manahilsarwar#1971-0039-CHL,Yes,None,None
http://www.manahil.com/manahilsarwar#1971-9001-CMR,Yes,No,No
http://www.manahil.com/manahilsarwar#1971-0135-COL,None,None,None
http://www.manahil.com/manahilsarwar#1971-0018-COL,None,None,None
http://www.manahil.com/manahilsarwar#1971-0127-COL,None,None,None
http://www.manahil.com/manahilsarwar#1971-0019-ECU,None,None,None
http://www.manahil.com/manahilsarwar#1971-0040-ECU,Yes,None,None
http://www.manahil.com/manahilsarwar#1971-0010-ESP,None,None,None
http://www.manahil.com/manahilsarwar#1971-0046-ESP,None,None,None
http://www.manahil.com/manahilsarwar#1971-9003-GHA,Yes,No,No
http://www.manahil.com/manahilsarwar#1971-0041-GUY,Yes,None,None
http://www.manahil.com/manahilsarwar#1971-0049-HKG,None,None,None
http://www.manahil.com/manahilsarwar#1971-0100-HKG,None,None,None
http://www.manahil.com/manahilsarwar#1971-0102-HKG,None,None,None
http://www.manahil.com/manahilsarwar#1971-0132-HND,None,None,None
http://www.manahil.com/manahilsarwar#1971-0058-IND,Yes,None,None
http://www.manahil.com/manahilsarwar#1971-0112-IND,None,None,None
http://www.manahil.com/manahilsarwar#1972-0002-AFG,None,None,None
http://www.manahil.com/manahilsarwar#1972-0014-ARG,None,None,None
http://www.manahil.com/manahilsarwar#1972-0142-BEL,None,None,None
http://www.manahil.com/manahilsarwar#1972-0026-BGD,None,None,None
http://www.manahil.com/manahilsarwar#1972-0041-BGD,None,None,None
http://www.manahil.com/manahilsarwar#1972-0017-BWA,Yes,None,None
http://www.manahil.com/manahilsarwar#1972-0018-COL,None,None,None
http://www.manahil.com/manahilsarwar#1972-0061-DFR,None,None,None
http://www.manahil.com/manahilsarwar#1972-0060-ESP,None,None,None
http://www.manahil.com/manahilsarwar#1972-0059-FJI,Yes,None,None
http://www.manahil.com/manahilsarwar#1972-0144-GBR,None,None,None
http://www.manahil.com/manahilsarwar#1972-0038-HKG,None,None,None
http://www.manahil.com/manahilsarwar#1972-0097-HKG,None,None,None
http://www.manahil.com/manahilsarwar#1972-0098-HKG,None,None,None
http://www.manahil.com/manahilsarwar#1972-0099-HKG,None,None,None
http://www.manahil.com/manahilsarwar#1972-0100-HKG,None,None,None
http://www.manahil.com/manahilsarwar#1972-0101-HKG,None,None,None
http://www.manahil.com/manahilsarwar#1972-9077-HND,Yes,No,No
http://www.manahil.com/manahilsarwar#1972-0033-HTI,Yes,None,None
http://www.manahil.com/manahilsarwar#1972-9131-IDN,Yes,No,No
http://www.manahil.com/manahilsarwar#1972-0051-IND,None,None,None
http://www.manahil.com/manahilsarwar#1972-0063-IND,None,None,None
http://www.manahil.com/manahilsarwar#1972-9116-IND,Yes,No,No
http://www.manahil.com/manahilsarwar#1973-9005-ETH,None,No,No
http://www.manahil.com/manahilsarwar#1973-0002-ARG,None,None,None
http://www.manahil.com/manahilsarwar#1973-0051-AUS,Yes,None,None
http://www.manahil.com/manahilsarwar#1973-0053-BGD,None,None,None
http://www.manahil.com/manahilsarwar#1973-0023-BGD,None,None,None
http://www.manahil.com/manahilsarwar#1973-0123-BGD,None,None,None
http://www.manahil.com/manahilsarwar#1973-0125-BGD,None,None,None
http://www.manahil.com/manahilsarwar#1973-0130-BGD,None,None,None
http://www.manahil.com/manahilsarwar#1973-0019-BRA,None,None,None
http://www.manahil.com/manahilsarwar#1973-0038-CAF,Yes,None,None
http://www.manahil.com/manahilsarwar#1973-0043-COL,None,None,None
http://www.manahil.com/manahilsarwar#1973-0029-COL,None,None,None
http://www.manahil.com/manahilsarwar#1973-0030-COL,None,None,None
http://www.manahil.com/manahilsarwar#1973-0024-CRI,Yes,None,None
http://www.manahil.com/manahilsarwar#1973-9004-CRI,None,None,None
http://www.manahil.com/manahilsarwar#1973-0016-DZA,Yes,None,None
http://www.manahil.com/manahilsarwar#1973-0126-ECU,None,None,None
http://www.manahil.com/manahilsarwar#1973-0111-ECU,None,None,None
http://www.manahil.com/manahilsarwar#1973-0046-ESP,None,None,None
http://www.manahil.com/manahilsarwar#1973-0010-ESP,None,None,None
http://www.manahil.com/manahilsarwar#1973-0021-FJI,Yes,None,None
http://www.manahil.com/manahilsarwar#1973-0052-FJI,Yes,None,None
http://www.manahil.com/manahilsarwar#1973-0059-GMB,None,None,None
http://www.manahil.com/manahilsarwar#1973-0027-GTM,Yes,None,None
http://www.manahil.com/manahilsarwar#1973-0103-HKG,None,None,None
http://www.manahil.com/manahilsarwar#1973-0095-HKG,None,None,None
http://www.manahil.com/manahilsarwar#1973-0096-HKG,None,None,None
http://www.manahil.com/manahilsarwar#1973-0039-HND,None,None,None
http://www.manahil.com/manahilsarwar#1973-0028-IDN,None,None,None
http://www.manahil.com/manahilsarwar#1973-0009-IND,None,None,None
http://www.manahil.com/manahilsarwar#1973-0054-IND,None,None,None
http://www.manahil.com/manahilsarwar#1974-0011-ARG,None,None,None
http://www.manahil.com/manahilsarwar#1974-0061-AUS,Yes,None,None
http://www.manahil.com/manahilsarwar#1974-0091-AUS,None,None,None
http://www.manahil.com/manahilsarwar#1974-9100-AUS,None,None,None
http://www.manahil.com/manahilsarwar#1974-0096-AUS,None,None,None
http://www.manahil.com/manahilsarwar#1974-0042-BGD,None,None,None
http://www.manahil.com/manahilsarwar#1974-0059-BGD,None,None,None
http://www.manahil.com/manahilsarwar#1974-9049-BGD,None,None,None
http://www.manahil.com/manahilsarwar#1974-0034-BGD,None,None,None
http://www.manahil.com/manahilsarwar#1974-0147-BGD,None,None,None
http://www.manahil.com/manahilsarwar#1974-0046-BLZ,Yes,None,None
http://www.manahil.com/manahilsarwar#1974-0010-BOL,Yes,None,None
http://www.manahil.com/manahilsarwar#1974-0024-BRA,None,None,None
http://www.manahil.com/manahilsarwar#1974-0053-BRA,None,None,None
http://www.manahil.com/manahilsarwar#1974-0127-BRA,None,None,None
http://www.manahil.com/manahilsarwar#1974-0015-BRA,Yes,None,None
http://www.manahil.com/manahilsarwar#1974-0133-CAN,None,None,None
http://www.manahil.com/manahilsarwar#1974-0134-CAN,None,None,None
http://www.manahil.com/manahilsarwar#1974-0027-CHL,Yes,None,None
http://www.manahil.com/manahilsarwar#1974-0025-CHN,None,None,None
http://www.manahil.com/manahilsarwar#1974-0031-COL,None,None,None
http://www.manahil.com/manahilsarwar#1974-0048-COL,None,None,None
http://www.manahil.com/manahilsarwar#1974-0009-CSK,None,None,None
http://www.manahil.com/manahilsarwar#1974-0043-DFR,None,None,None
http://www.manahil.com/manahilsarwar#1974-0017-DZA,Yes,None,None
http://www.manahil.com/manahilsarwar#1974-0110-HKG,None,None,None
http://www.manahil.com/manahilsarwar#1974-0111-HKG,None,None,None
http://www.manahil.com/manahilsarwar#1974-0114-HKG,None,None,None
http://www.manahil.com/manahilsarwar#1974-0115-HKG,None,None,None
http://www.manahil.com/manahilsarwar#1974-0117-HKG,None,None,None
http://www.manahil.com/manahilsarwar#1974-0047-HND,Yes,No,No
http://www.manahil.com/manahilsarwar#1974-9055-HTI,Yes,None,None
http://www.manahil.com/manahilsarwar#1974-0002-IDN,None,None,None
http://www.manahil.com/manahilsarwar#1974-0045-IND,None,None,None
http://www.manahil.com/manahilsarwar#1974-0122-IND,None,None,None
http://www.manahil.com/manahilsarwar#1975-0154-CHN,None,No,No
http://www.manahil.com/manahilsarwar#1975-0023-ARG,None,None,None
http://www.manahil.com/manahilsarwar#1975-0131-AUS,None,None,None
http://www.manahil.com/manahilsarwar#1975-0102-AUS,None,None,None
http://www.manahil.com/manahilsarwar#1975-0103-AUS,None,None,None
http://www.manahil.com/manahilsarwar#1975-0130-AUS,None,None,None
http://www.manahil.com/manahilsarwar#1975-0026-AUT,None,None,None
http://www.manahil.com/manahilsarwar#1975-0039-BRA,None,None,None
http://www.manahil.com/manahilsarwar#1975-0145-BRA,None,None,None
http://www.manahil.com/manahilsarwar#1975-0068-BRA,None,None,None
http://www.manahil.com/manahilsarwar#1975-0042-BRA,Yes,None,None
http://www.manahil.com/manahilsarwar#1975-0020-CAN,None,None,None
http://www.manahil.com/manahilsarwar#1975-0122-CAN,None,None,None
http://www.manahil.com/manahilsarwar#1975-0024-CHE,None,None,None
http://www.manahil.com/manahilsarwar#1975-0017-CHN,None,None,None
http://www.manahil.com/manahilsarwar#1975-0032-CRI,None,None,None
http://www.manahil.com/manahilsarwar#1975-0041-ECU,None,None,None
http://www.manahil.com/manahilsarwar#1975-0147-ECU,Yes,None,None
http://www.manahil.com/manahilsarwar#1975-0019-EGY,None,None,None
http://www.manahil.com/manahilsarwar#1975-0015-FJI,Yes,None,None
http://www.manahil.com/manahilsarwar#1975-0124-GRD,None,None,None
http://www.manahil.com/manahilsarwar#1975-0109-HKG,None,None,None
http://www.manahil.com/manahilsarwar#1975-0119-HKG,None,None,None
http://www.manahil.com/manahilsarwar#1975-0107-HKG,None,None,None
http://www.manahil.com/manahilsarwar#1975-0110-HKG,None,None,None
http://www.manahil.com/manahilsarwar#1975-0112-HKG,None,None,None
http://www.manahil.com/manahilsarwar#1975-0014-IND,None,None,None
http://www.manahil.com/manahilsarwar#1975-0058-IND,None,None,None
http://www.manahil.com/manahilsarwar#1975-0121-IND,None,None,None
http://www.manahil.com/manahilsarwar#1976-0028-AFG,None,None,None
http://www.manahil.com/manahilsarwar#1976-0031-AFG,Yes,None,None
http://www.manahil.com/manahilsarwar#1976-0128-AUS,None,None,None
http://www.manahil.com/manahilsarwar#1976-0129-AUS,None,None,None
http://www.manahil.com/manahilsarwar#1976-0163-AUS,None,None,None
http://www.manahil.com/manahilsarwar#1976-0164-AUS,None,None,None
http://www.manahil.com/manahilsarwar#1976-0165-AUS,None,None,None
http://www.manahil.com/manahilsarwar#1976-9126-AUS,None,None,None
http://www.manahil.com/manahilsarwar#1976-9127-AUS,None,None,None
http://www.manahil.com/manahilsarwar#1976-0067-AUS,None,None,None
http://www.manahil.com/manahilsarwar#1976-0131-AUS,None,None,None
http://www.manahil.com/manahilsarwar#1976-0177-AUT,None,None,None
http://www.manahil.com/manahilsarwar#1976-9162-BEL,None,None,None
http://www.manahil.com/manahilsarwar#1976-0161-BEL,None,None,None
http://www.manahil.com/manahilsarwar#1976-0027-BEN,Yes,None,None
http://www.manahil.com/manahilsarwar#1976-9152-BFA,Yes,No,No
http://www.manahil.com/manahilsarwar#1976-0034-BGD,None,None,None
http://www.manahil.com/manahilsarwar#1976-0133-BGD,None,None,None
http://www.manahil.com/manahilsarwar#1976-0041-BGD,None,None,None
http://www.manahil.com/manahilsarwar#1976-0149-CAN,None,None,None
http://www.manahil.com/manahilsarwar#1976-0179-CHE,None,None,None
http://www.manahil.com/manahilsarwar#1976-0050-CHN,None,None,None
http://www.manahil.com/manahilsarwar#1976-0055-CHN,None,No,No
http://www.manahil.com/manahilsarwar#1976-0036-COL,None,None,None
http://www.manahil.com/manahilsarwar#1976-0187-COL,None,None,None
http://www.manahil.com/manahilsarwar#1976-0070-CRI,None,None,None
http://www.manahil.com/manahilsarwar#1976-0030-CRI,Yes,None,None
http://www.manahil.com/manahilsarwar#1976-0026-CUB,None,No,No
http://www.manahil.com/manahilsarwar#1976-0018-DFR,None,None,None
http://www.manahil.com/manahilsarwar#1976-0173-DNK,None,No,No
http://www.manahil.com/manahilsarwar#1976-0033-ECU,Yes,None,None
http://www.manahil.com/manahilsarwar#1976-0068-ECU,None,No,No
http://www.manahil.com/manahilsarwar#1976-0077-ECU,None,None,None
http://www.manahil.com/manahilsarwar#1976-0025-ECU,None,None,None
http://www.manahil.com/manahilsarwar#1976-0032-ETH,Yes,None,None
http://www.manahil.com/manahilsarwar#1976-0178-FRA,None,None,None
http://www.manahil.com/manahilsarwar#1976-0172-GBR,None,None,None
http://www.manahil.com/manahilsarwar#1976-0058-GLP,Yes,None,None
http://www.manahil.com/manahilsarwar#1976-9152-GMB,None,No,No
http://www.manahil.com/manahilsarwar#1976-0024-GTM,Yes,None,None
http://www.manahil.com/manahilsarwar#1976-0035-GUM,None,None,None
http://www.manahil.com/manahilsarwar#1976-0138-HKG,None,None,None
http://www.manahil.com/manahilsarwar#1976-0139-HKG,None,None,None
http://www.manahil.com/manahilsarwar#1976-0141-HKG,None,None,None
http://www.manahil.com/manahilsarwar#1976-9134-HKG,None,None,None
http://www.manahil.com/manahilsarwar#1976-0137-HKG,None,None,None
http://www.manahil.com/manahilsarwar#1976-0152-HND,None,None,None
http://www.manahil.com/manahilsarwar#1976-0043-IDN,Yes,None,None
http://www.manahil.com/manahilsarwar#1976-0047-IDN,Yes,None,None
http://www.manahil.com/manahilsarwar#1976-0071-IDN,None,None,None
http://www.manahil.com/manahilsarwar#1976-0171-IDN,None,None,None
http://www.manahil.com/manahilsarwar#1976-0073-IDN,Yes,None,None
http://www.manahil.com/manahilsarwar#1976-0188-IDN,None,None,None
http://www.manahil.com/manahilsarwar#1976-0063-IND,None,None,None
http://www.manahil.com/manahilsarwar#1976-0074-IND,None,No,No
http://www.manahil.com/manahilsarwar#1976-0143-IND,None,None,None
http://www.manahil.com/manahilsarwar#1976-0144-IND,None,None,None
http://www.manahil.com/manahilsarwar#1976-0146-IND,None,None,None
http://www.manahil.com/manahilsarwar#1976-0147-IND,None,None,None
http://www.manahil.com/manahilsarwar#1977-0106-IDN,None,None,None
http://www.manahil.com/manahilsarwar#1977-9062-GHA,None,No,No
http://www.manahil.com/manahilsarwar#1977-9002-HTI,Yes,None,None
http://www.manahil.com/manahilsarwar#1977-0137-ARG,None,None,None
http://www.manahil.com/manahilsarwar#1977-0146-ARG,None,None,None
http://www.manahil.com/manahilsarwar#1977-0223-AUS,None,None,None
http://www.manahil.com/manahilsarwar#1977-0225-AUS,None,None,None
http://www.manahil.com/manahilsarwar#1977-0227-AUS,None,None,None
http://www.manahil.com/manahilsarwar#1977-0224-AUS,None,None,None
http://www.manahil.com/manahilsarwar#1977-0226-AUS,None,None,None
http://www.manahil.com/manahilsarwar#1977-0144-BFA,None,None,None
http://www.manahil.com/manahilsarwar#1977-0124-BGD,None,None,None
http://www.manahil.com/manahilsarwar#1977-0060-BGD,None,None,None
http://www.manahil.com/manahilsarwar#1977-0109-BGD,None,None,None
http://www.manahil.com/manahilsarwar#1977-0054-BGD,None,None,None
http://www.manahil.com/manahilsarwar#1977-0110-BGD,None,None,None
http://www.manahil.com/manahilsarwar#1977-0125-BGD,None,None,None
http://www.manahil.com/manahilsarwar#1977-0048-BGR,None,No,No
http://www.manahil.com/manahilsarwar#1977-9005-BOL,None,None,None
http://www.manahil.com/manahilsarwar#1977-0036-BOL,None,None,None
http://www.manahil.com/manahilsarwar#1977-9006-BRA,None,None,None
http://www.manahil.com/manahilsarwar#1977-0061-BRA,None,None,None
http://www.manahil.com/manahilsarwar#1977-0077-BRA,None,None,None
http://www.manahil.com/manahilsarwar#1977-0105-BRA,None,None,None
http://www.manahil.com/manahilsarwar#1977-0232-BRA,None,None,None
http://www.manahil.com/manahilsarwar#1977-9294-CAN,None,No,No
http://www.manahil.com/manahilsarwar#1977-0203-CAN,None,None,None
http://www.manahil.com/manahilsarwar#1977-0209-CHE,None,None,None
http://www.manahil.com/manahilsarwar#1977-0087-CHL,None,None,None
http://www.manahil.com/manahilsarwar#1977-0069-COL,None,None,None
http://www.manahil.com/manahilsarwar#1977-0056-COM,Yes,No,No
http://www.manahil.com/manahilsarwar#1977-0073-CUB,None,None,None
http://www.manahil.com/manahilsarwar#1977-0120-DJI,Yes,None,None
http://www.manahil.com/manahilsarwar#1977-0001-ECU,Yes,None,None
http://www.manahil.com/manahilsarwar#1977-0030-ETH,None,None,None
http://www.manahil.com/manahilsarwar#1977-0128-ETH,Yes,None,None
http://www.manahil.com/manahilsarwar#1977-0084-FRA,None,No,No
http://www.manahil.com/manahilsarwar#1977-0211-GBR,None,None,None
http://www.manahil.com/manahilsarwar#1977-0011-GHA,None,None,None
http://www.manahil.com/manahilsarwar#1977-0129-GRC,None,None,None
http://www.manahil.com/manahilsarwar#1977-0198-HKG,None,None,None
http://www.manahil.com/manahilsarwar#1977-0200-HKG,None,None,None
http://www.manahil.com/manahilsarwar#1977-9195-HKG,None,None,None
http://www.manahil.com/manahilsarwar#1977-0196-HKG,None,None,None
http://www.manahil.com/manahilsarwar#1977-0251-IDN,None,No,No
http://www.manahil.com/manahilsarwar#1977-0091-IDN,None,None,None
http://www.manahil.com/manahilsarwar#1977-0013-IDN,None,None,None
http://www.manahil.com/manahilsarwar#1977-0138-IDN,None,None,None
http://www.manahil.com/manahilsarwar#1977-0014-IDN,None,None,None
http://www.manahil.com/manahilsarwar#1977-0043-IDN,None,None,None
http://www.manahil.com/manahilsarwar#1977-0046-IDN,None,None,None
http://www.manahil.com/manahilsarwar#1977-0094-IND,None,None,None
http://www.manahil.com/manahilsarwar#1977-0133-IND,Yes,None,None
http://www.manahil.com/manahilsarwar#1977-0201-IND,None,None,None
http://www.manahil.com/manahilsarwar#1977-0012-IND,None,None,None
http://www.manahil.com/manahilsarwar#1978-0083-AFG,Yes,None,None
http://www.manahil.com/manahilsarwar#1978-0004-ARG,None,None,None
http://www.manahil.com/manahilsarwar#1978-0049-AUS,None,No,No
http://www.manahil.com/manahilsarwar#1978-0072-BDI,None,None,None
http://www.manahil.com/manahilsarwar#1978-0053-BEN,Yes,None,None
http://www.manahil.com/manahilsarwar#1978-0097-BGD,None,None,None
http://www.manahil.com/manahilsarwar#1978-0061-BGD,None,None,None
http://www.manahil.com/manahilsarwar#1978-0051-BGD,None,None,None
http://www.manahil.com/manahilsarwar#1978-0068-BGD,None,No,No
http://www.manahil.com/manahilsarwar#1978-0096-BHR,None,None,None
http://www.manahil.com/manahilsarwar#1978-0030-BOL,None,None,None
http://www.manahil.com/manahilsarwar#1978-0006-BRA,None,None,None
http://www.manahil.com/manahilsarwar#1978-0073-CHL,None,None,None
http://www.manahil.com/manahilsarwar#1978-0034-CUB,None,None,None
http://www.manahil.com/manahilsarwar#1978-0062-DFR,None,None,None
http://www.manahil.com/manahilsarwar#1978-0029-DJI,Yes,None,None
http://www.manahil.com/manahilsarwar#1978-0077-ESP,None,None,None
http://www.manahil.com/manahilsarwar#1978-0098-ETH,Yes,None,None
http://www.manahil.com/manahilsarwar#1978-0032-FJI,None,None,None
http://www.manahil.com/manahilsarwar#1978-0010-FRA,None,None,None
http://www.manahil.com/manahilsarwar#1978-0081-GRC,None,None,None
http://www.manahil.com/manahilsarwar#1978-0038-IDN,None,None,None
http://www.manahil.com/manahilsarwar#1978-0088-IDN,None,None,None
http://www.manahil.com/manahilsarwar#1978-0014-IDN,None,None,None
http://www.manahil.com/manahilsarwar#1978-0064-IDN,None,None,None
http://www.manahil.com/manahilsarwar#1978-0044-IND,None,None,None
http://www.manahil.com/manahilsarwar#1978-0055-IND,None,None,None
http://www.manahil.com/manahilsarwar#1978-0056-IND,None,None,None
http://www.manahil.com/manahilsarwar#1978-0063-IND,None,None,None
http://www.manahil.com/manahilsarwar#1978-0012-IND,None,None,None
http://www.manahil.com/manahilsarwar#1978-0074-IND,None,None,None
http://www.manahil.com/manahilsarwar#1900-0003-USA,None,None,None
http://www.manahil.com/manahilsarwar#1900-0007-JAM,None,None,None
http://www.manahil.com/manahilsarwar#1900-0006-JAM,None,None,None
http://www.manahil.com/manahilsarwar#1900-0008-JPN,None,None,None
http://www.manahil.com/manahilsarwar#1901-0004-JPN,None,None,None
http://www.manahil.com/manahilsarwar#1901-0001-UGA,None,None,None
http://www.manahil.com/manahilsarwar#1902-0008-JPN,None,None,None
http://www.manahil.com/manahilsarwar#1902-0005-MMR,None,None,None
http://www.manahil.com/manahilsarwar#1902-0006-MTQ,None,No,No
http://www.manahil.com/manahilsarwar#1902-0011-SUN,None,None,None
http://www.manahil.com/manahilsarwar#1903-0008-JAM,None,None,None
http://www.manahil.com/manahilsarwar#1903-9001-NER,None,None,None
http://www.manahil.com/manahilsarwar#1903-0007-TUR,None,None,None
http://www.manahil.com/manahilsarwar#1903-0010-USA,None,None,None
http://www.manahil.com/manahilsarwar#1905-0007-JPN,None,None,None
http://www.manahil.com/manahilsarwar#1905-0001-ITA,None,None,None
http://www.manahil.com/manahilsarwar#1905-0004-PHL,None,None,None
http://www.manahil.com/manahilsarwar#1906-0013-USA,None,None,None
http://www.manahil.com/manahilsarwar#1906-0012-ITA,None,None,None
http://www.manahil.com/manahilsarwar#1906-9025-NER,None,None,None
http://www.manahil.com/manahilsarwar#1906-0001-TWN,None,None,None
http://www.manahil.com/manahilsarwar#1906-0004-USA,None,None,None
http://www.manahil.com/manahilsarwar#1906-0005-USA,None,None,None
http://www.manahil.com/manahilsarwar#1907-0004-JAM,None,None,None
http://www.manahil.com/manahilsarwar#1908-0007-ITA,None,None,None
http://www.manahil.com/manahilsarwar#1908-0006-ROU,None,None,None
http://www.manahil.com/manahilsarwar#1909-0007-IRN,None,None,None
http://www.manahil.com/manahilsarwar#1909-0016-JAM,None,None,None
http://www.manahil.com/manahilsarwar#1909-0014-MAR,None,None,None
http://www.manahil.com/manahilsarwar#1909-0017-USA,None,No,No
http://www.manahil.com/manahilsarwar#1909-0003-USA,None,No,No
http://www.manahil.com/manahilsarwar#1909-0004-USA,None,None,None
http://www.manahil.com/manahilsarwar#1910-0019-JPN,None,None,None
http://www.manahil.com/manahilsarwar#1910-9006-MLI,None,None,None
http://www.manahil.com/manahilsarwar#1910-9006-MRT,None,None,None
http://www.manahil.com/manahilsarwar#1910-9006-NER,None,No,No
http://www.manahil.com/manahilsarwar#1910-9006-SEN,None,None,None
http://www.manahil.com/manahilsarwar#1910-9006-TCD,None,None,None
http://www.manahil.com/manahilsarwar#1910-0003-USA,None,None,None
http://www.manahil.com/manahilsarwar#1911-0001-PHL,None,No,No
http://www.manahil.com/manahilsarwar#1911-0006-TWN,None,None,None
http://www.manahil.com/manahilsarwar#1912-0006-TUR,None,None,None
http://www.manahil.com/manahilsarwar#1912-0011-JAM,None,None,None
http://www.manahil.com/manahilsarwar#1912-0008-JPN,None,None,None
http://www.manahil.com/manahilsarwar#1912-0010-PHL,None,None,None
http://www.manahil.com/manahilsarwar#1913-0002-NER,None,None,None
http://www.manahil.com/manahilsarwar#1913-0009-PER,None,None,None
http://www.manahil.com/manahilsarwar#1913-0008-ROU,None,None,None
http://www.manahil.com/manahilsarwar#1913-0005-USA,None,None,None
http://www.manahil.com/manahilsarwar#1914-0025-JPN,None,None,None
http://www.manahil.com/manahilsarwar#1914-0002-JPN,None,No,No
http://www.manahil.com/manahilsarwar#1914-0001-TKL,None,None,None
http://www.manahil.com/manahilsarwar#1915-0002-ITA,None,None,None
http://www.manahil.com/manahilsarwar#1915-0004-USA,None,None,None
http://www.manahil.com/manahilsarwar#1915-0005-USA,None,None,None
http://www.manahil.com/manahilsarwar#1917-0006-JAM,None,None,None
http://www.manahil.com/manahilsarwar#1917-0005-JPN,None,None,None
http://www.manahil.com/manahilsarwar#1917-0002-SUN,None,None,None
http://www.manahil.com/manahilsarwar#1918-0011-PHL,None,None,None
http://www.manahil.com/manahilsarwar#1918-0008-PRI,None,None,None
http://www.manahil.com/manahilsarwar#1918-0019-NZL,None,None,None
http://www.manahil.com/manahilsarwar#1918-0003-USA,None,None,None
http://www.manahil.com/manahilsarwar#1918-0007-USA,None,None,None
http://www.manahil.com/manahilsarwar#1919-0002-USA,None,No,No
http://www.manahil.com/manahilsarwar#1920-0014-ITA,None,None,None
http://www.manahil.com/manahilsarwar#1920-0016-USA,None,No,No
http://www.manahil.com/manahilsarwar#1921-9001-SUN,None,None,None
http://www.manahil.com/manahilsarwar#1922-0002-ITA,None,None,None
http://www.manahil.com/manahilsarwar#1923-0006-JPN,None,None,None
http://www.manahil.com/manahilsarwar#1923-0020-IRN,None,None,None
http://www.manahil.com/manahilsarwar#1923-0015-JAM,None,None,None
http://www.manahil.com/manahilsarwar#1923-0007-JPN,None,None,None
http://www.manahil.com/manahilsarwar#1923-0009-JPN,None,None,None
http://www.manahil.com/manahilsarwar#1923-0004-MMR,None,None,None
http://www.manahil.com/manahilsarwar#1923-0002-NER,None,None,None
http://www.manahil.com/manahilsarwar#1923-0005-SUN,None,None,None
http://www.manahil.com/manahilsarwar#1923-0001-SUN,None,None,None
http://www.manahil.com/manahilsarwar#1924-0002-TWN,None,None,None
http://www.manahil.com/manahilsarwar#1925-0006-TKL,None,None,None
http://www.manahil.com/manahilsarwar#1925-0001-USA,None,No,No
http://www.manahil.com/manahilsarwar#1925-0005-USA,None,No,No
http://www.manahil.com/manahilsarwar#1926-0019-JPN,None,None,None
http://www.manahil.com/manahilsarwar#1926-0005-MMR,None,None,None
http://www.manahil.com/manahilsarwar#1926-0010-PAK,None,None,None
http://www.manahil.com/manahilsarwar#1926-0002-ROU,None,None,None
http://www.manahil.com/manahilsarwar#1926-0003-USA,None,None,None
http://www.manahil.com/manahilsarwar#1926-0011-USA,None,No,No
http://www.manahil.com/manahilsarwar#1927-0007-JOR,None,None,None
http://www.manahil.com/manahilsarwar#1927-0004-JPN,None,None,None
http://www.manahil.com/manahilsarwar#1927-0010-USA,None,None,None
http://www.manahil.com/manahilsarwar#1928-0017-KNA,None,None,None
http://www.manahil.com/manahilsarwar#1928-0016-MSR,None,None,None
http://www.manahil.com/manahilsarwar#1928-0010-POL,None,None,None
http://www.manahil.com/manahilsarwar#1928-0013-PRI,None,None,None
http://www.manahil.com/manahilsarwar#1928-0009-ROU,None,None,None
http://www.manahil.com/manahilsarwar#1928-0006-ROU,None,None,None
http://www.manahil.com/manahilsarwar#1928-0005-TUR,None,None,None
http://www.manahil.com/manahilsarwar#1928-0014-USA,None,No,No
http://www.manahil.com/manahilsarwar#1929-0013-NZL,None,None,None
http://www.manahil.com/manahilsarwar#1929-0012-IRN,None,None,None
http://www.manahil.com/manahilsarwar#1929-0001-MEX,None,None,None
http://www.manahil.com/manahilsarwar#1930-0006-MMR,None,None,None
http://www.manahil.com/manahilsarwar#1930-0025-IRN,None,None,None
http://www.manahil.com/manahilsarwar#1930-0008-ITA,None,None,None
http://www.manahil.com/manahilsarwar#1930-0012-JPN,None,None,None
http://www.manahil.com/manahilsarwar#1930-0017-MMR,None,None,None
http://www.manahil.com/manahilsarwar#1930-0002-NER,None,None,None
http://www.manahil.com/manahilsarwar#1931-0001-NIC,None,None,None
http://www.manahil.com/manahilsarwar#1931-0004-NZL,None,None,None
http://www.manahil.com/manahilsarwar#1931-0008-PHL,None,None,None
http://www.manahil.com/manahilsarwar#1931-0011-SLB,None,None,None
http://www.manahil.com/manahilsarwar#1932-0008-JAM,None,None,None
http://www.manahil.com/manahilsarwar#1932-0003-PHL,None,None,None
http://www.manahil.com/manahilsarwar#1932-0005-PRI,None,None,None
http://www.manahil.com/manahilsarwar#1932-0014-USA,None,No,No
http://www.manahil.com/manahilsarwar#1932-0002-USA,None,None,None
http://www.manahil.com/manahilsarwar#1933-0007-USA,None,None,None
http://www.manahil.com/manahilsarwar#1933-0002-JAM,None,No,No
http://www.manahil.com/manahilsarwar#1933-0009-JAM,None,None,None
http://www.manahil.com/manahilsarwar#1933-0001-JPN,None,None,None
http://www.manahil.com/manahilsarwar#1933-0008-TTO,None,None,None
http://www.manahil.com/manahilsarwar#1933-0004-USA,None,None,None
http://www.manahil.com/manahilsarwar#1934-0008-JPN,None,No,No
http://www.manahil.com/manahilsarwar#1934-0010-PHL,None,None,None
http://www.manahil.com/manahilsarwar#1934-0011-PHL,None,None,None
http://www.manahil.com/manahilsarwar#1934-0006-ROU,None,None,None
http://www.manahil.com/manahilsarwar#1934-0007-SLV,None,None,None
http://www.manahil.com/manahilsarwar#1935-0005-PAK,None,None,None
http://www.manahil.com/manahilsarwar#1935-0010-JAM,None,None,None
http://www.manahil.com/manahilsarwar#1935-0003-TWN,None,None,None
http://www.manahil.com/manahilsarwar#1935-0006-TWN,None,None,None
http://www.manahil.com/manahilsarwar#1935-0001-UGA,None,None,None
http://www.manahil.com/manahilsarwar#1935-0007-USA,None,None,None
http://www.manahil.com/manahilsarwar#1936-0007-KOR,None,None,None
http://www.manahil.com/manahilsarwar#1936-0004-MMR,None,None,None
http://www.manahil.com/manahilsarwar#1936-0001-NOR,None,None,None
http://www.manahil.com/manahilsarwar#1936-0008-PHL,None,None,None
http://www.manahil.com/manahilsarwar#1936-0003-USA,None,No,No
http://www.manahil.com/manahilsarwar#1936-0005-USA,None,None,None
http://www.manahil.com/manahilsarwar#1937-0010-JAM,None,None,None
